Workbook

Sheet Datos
A1: Tipo de operación | B1: Año | C1: Mes | D1: SCIAN | E1: Clase | F1: Valor en pesos | G1: Valor en dólares
A2: 2 | B2: 2019 | C2: 1 | D2: 311110 | E2: 3111 | F2: 466100000 | G2: 24316759
A3: 2 | B3: 2019 | C3: 1 | D3: 311211 | E3: 3112 | F3: 13722432 | G3: 717785.97
A4: 2 | B4: 2019 | C4: 1 | D4: 311212 | E4: 3112 | F4: 78310853 | G4: 4082726.1
A5: 2 | B5: 2019 | C5: 1 | D5: 311213 | E5: 3112 | F5: 133500000 | G5: 6958889.8
A6: 2 | B6: 2019 | C6: 1 | D6: 311214 | E6: 3112 | F6: 11894489 | G6: 617695.23
A7: 2 | B7: 2019 | C7: 1 | D7: 311215 | E7: 3112 | F7: 1079976 | G7: 56570.97
A8: 2 | B8: 2019 | C8: 1 | D8: 311221 | E8: 3112 | F8: 265500000 | G8: 13857824
A9: 2 | B9: 2019 | C9: 1 | D9: 311222 | E9: 3112 | F9: 275600000 | G9: 14369334
A10: 2 | B10: 2019 | C10: 1 | D10: 311230 | E10: 3112 | F10: 534100000 | G10: 27900168
A11: 2 | B11: 2019 | C11: 1 | D11: 311311 | E11: 3113 | F11: 282000000 | G11: 14692156
A12: 2 | B12: 2019 | C12: 1 | D12: 311319 | E12: 3113 | F12: 67419932 | G12: 3516933.6
A13: 2 | B13: 2019 | C13: 1 | D13: 311340 | E13: 3113 | F13: 959400000 | G13: 50087250
... A25211: 2 | B25211: 2026 | C25211: 7 | D25211: 336992 | E25211: 3369 | F25211: 9635117 | G25211: 550706.39

Sheet TD
A1: Tipo de operación | B1: (Todas)
A3: Suma de Valor en pesos | C3: Clase
A4: Año | B4: Mes | C4: 3111 | D4: 3112 | E4: 3113 | F4: 3114 | G4: 3115 | H4: 3116 | I4: 3117 | J4: 3118 | K4: 3119 | L4: 3121 | M4: 3122 | N4: 3131 | O4: 3132 | P4: 3133 | Q4: 3141 | R4: 3149 | S4: 3151 | T4: 3152 | U4: 3159 | V4: 3161 | W4: 3162 | X4: 3169 | Y4: 3211 | Z4: 3212 | AA4: 3219 | AB4: 3221 | AC4: 3222 | AD4: 3231 | AE4: 3241 | AF4: 3251 | AG4: 3252 | AH4: 3253 | AI4: 3254 | AJ4: 3255 | AK4: 3256 | AL4: 3259 | AM4: 3261 | AN4: 3262 | AO4: 3271 | AP4: 3272 | AQ4: 3273 | AR4: 3274 | AS4: 3279 | AT4: 3311 | AU4: 3312 | AV4: 3313 | AW4: 3314 | AX4: 3315 | AY4: 3321 | AZ4: 3322 | BA4: 3323 | BB4: 3324 | BC4: 3325 | BD4: 3326 | BE4: 3327 | BF4: 3328 | BG4: 3329 | BH4: 3331 | BI4: 3332 | BJ4: 3333 | BK4: 3334 | BL4: 3335 | BM4: 3336 | BN4: 3339 | BO4: 3341 | BP4: 3342 | BQ4: 3343 | BR4: 3344 | BS4: 3345 | BT4: 3346 | BU4: 3351 | BV4: 3352 | BW4: 3353 | BX4: 3359 | BY4: 3361 | BZ4: 3362 | CA4: 3363 | CB4: 3364 | CC4: 3365 | CD4: 3366 | CE4: 3369 | CF4: 3371 | CG4: 3372 | CH4: 3379 | CI4: 3391 | CJ4: 3399
A5: 2019 | B5: 1 | C5: 466100000 | D5: 1313707750 | E5: 2284319932 | F5: 3876980626 | G5: 755474712 | H5: 3240814731 | I5: 1561000000 | J5: 1617800000 | K5: 2458100583 | L5: 9172895294 | M5: 337673207 | N5: 436615800 | O5: 710152987 | P5: 442100000 | Q5: 917100000 | R5: 1110991801 | S5: 809696701 | T5: 4296817620 | U5: 274100000 | V5: 344100000 | W5: 589947950 | X5: 599968413 | Y5: 9189094 | Z5: 47802031 | AA5: 642236172 | AB5: 406283106 | AC5: 2886800000 | AD5: 828888418 | AE5: 4248738094 | AF5: 5486870592 | AG5: 5060013561 | AH5: 1228100000 | AI5: 2393200000 | AJ5: 560800000 | AK5: 4096000000 | AL5: 1810121131 | AM5: 8764562869 | AN5: 3207789970 | AO5: 1707889759 | AP5: 2572575408 | AQ5: 503534938 | AR5: 257564201 | AS5: 751169308 | AT5: 4728000000 | AU5: 1256100000 | AV5: 1073000000 | AW5: 12195900000 | AX5: 424208819 | AY5: 1226000000 | AZ5: 1432554828 | BA5: 1634500000 | BB5: 1172100000 | BC5: 2592000000 | BD5: 1502000000 | BE5: 339631989 | BF5: 592100000 | BG5: 6937500000 | BH5: 2844336532 | BI5: 2843935625 | BJ5: 2471358629 | BK5: 11130000000 | BL5: 941200000 | BM5: 11920000000 | BN5: 8482600000 | BO5: 58830000000 | BP5: 20510000000 | BQ5: 20930000000 | BR5: 11310000000 | BS5: 18784600000 | BT5: 602800000 | BU5: 2295004467 | BV5: 3977500000 | BW5: 19013000000 | BX5: 15878300000 | BY5: 94820000000 | BZ5: 2428000000 | CA5: 76634000000 | CB5: 4978000000 | CC5: 4746000000 | CD5: 1326000000 | CE5: 2458375258 | CF5: 3074220123 | CG5: 365000000 | CH5: 431600000 | CI5: 8930000000 | CJ5: 5202096215
B6: 2 | C6: 498700000 | D6: 1408936789 | E6: 4344300000 | F6: 4658549838 | G6: 785538497 | H6: 3315257446 | I6: 1112000000 | J6: 2163600000 | K6: 2255475700 | L6: 10330306517 | M6: 251551761 | N6: 526039629 | O6: 844366548 | P6: 565100000 | Q6: 1066100000 | R6: 1273922433 | S6: 877267318 | T6: 5152124240 | U6: 338500000 | V6: 521800000 | W6: 793949630 | X6: 636186442 | Y6: 15066808 | Z6: 39006261 | AA6: 744998271 | AB6: 416384096 | AC6: 3142500000 | AD6: 651895882 | AE6: 3263065258 | AF6: 5233270297 | AG6: 4767845045 | AH6: 680000000 | AI6: 2486900000 | AJ6: 518900000 | AK6: 4334000000 | AL6: 1959450338 | AM6: 9132784671 | AN6: 3424178917 | AO6: 2047916053 | AP6: 2568515209 | AQ6: 585748880 | AR6: 236108424 | AS6: 935155775 | AT6: 4281800000 | AU6: 1360500000 | AV6: 946200000 | AW6: 12551700000 | AX6: 416400000 | AY6: 997600000 | AZ6: 1595600342 | BA6: 2224400000 | BB6: 1434000000 | BC6: 2862000000 | BD6: 1493000000 | BE6: 495269901 | BF6: 683300000 | BG6: 8338800000 | BH6: 3902502987 | BI6: 3476828328 | BJ6: 2525260173 | BK6: 14635000000 | BL6: 1200000000 | BM6: 13840000000 | BN6: 10421623464 | BO6: 44260000000 | BP6: 23172000000 | BQ6: 20520000000 | BR6: 9944000000 | BS6: 20657700000 | BT6: 417400000 | BU6: 2792205004 | BV6: 5232000000 | BW6: 21696000000 | BX6: 17566900000 | BY6: 129750000000 | BZ6: 3197000000 | CA6: 84713000000 | CB6: 5372000000 | CC6: 5016000000 | CD6: 1742000000 | CE6: 2390184998 | CF6: 3006879105 | CG6: 312100000 | CH6: 421100000 | CI6: 10641700000 | CJ6: 6294326600
B7: 3 | C7: 517000000 | D7: 1412106924 | E7: 4382400000 | F7: 5334056146 | G7: 963402231 | H7: 3616979042 | I7: 1049000000 | J7: 2474300000 | K7: 2572864441 | L7: 12357878281 | M7: 277446300 | N7: 543212904 | O7: 915670033 | P7: 538100000 | Q7: 1137900000 | R7: 1426575370 | S7: 943567652 | T7: 5425582283 | U7: 368100000 | V7: 438300000 | W7: 814071787 | X7: 677700000 | Y7: 11161063 | Z7: 79394858 | AA7: 743360921 | AB7: 351957151 | AC7: 3312300000 | AD7: 668054026 | AE7: 2606036057 | AF7: 5908255512 | AG7: 5299900000 | AH7: 1394800000 | AI7: 2668600000 | AJ7: 598700000 | AK7: 4744000000 | AL7: 2065320097 | AM7: 10131847079 | AN7: 3765709617 | AO7: 2241956994 | AP7: 2865390103 | AQ7: 637769624 | AR7: 260483938 | AS7: 906211528 | AT7: 5252000000 | AU7: 1394800000 | AV7: 1034000000 | AW7: 12608400000 | AX7: 448305460 | AY7: 1034000000 | AZ7: 1800940482 | BA7: 2342900000 | BB7: 1472600000 | BC7: 2881000000 | BD7: 1780000000 | BE7: 442420736 | BF7: 633500000 | BG7: 8442100000 | BH7: 4087478730 | BI7: 3403245710 | BJ7: 2416148412 | BK7: 16120000000 | BL7: 1036000000 | BM7: 13960000000 | BN7: 11118449355 | BO7: 37510000000 | BP7: 23346000000 | BQ7: 21420000000 | BR7: 11930000000 | BS7: 22584000000 | BT7: 341100000 | BU7: 3630215898 | BV7: 5733500000 | BW7: 24196000000 | BX7: 19420800000 | BY7: 157990000000 | BZ7: 3656000000 | CA7: 88576000000 | CB7: 4664000000 | CC7: 5537000000 | CD7: 1520000000 | CE7: 2855853569 | CF7: 3368018195 | CG7: 351600000 | CH7: 400100000 | CI7: 11813000000 | CJ7: 6392108189
B8: 4 | C8: 612600000 | D8: 1507469273 | E8: 4340928570 | F8: 4923629145 | G8: 1069454637 | H8: 3599591662 | I8: 1246000000 | J8: 2095300000 | K8: 2480780246 | L8: 13260326124 | M8: 254063070 | N8: 473983074 | O8: 896030016 | P8: 427300000 | Q8: 1180900000 | R8: 1324422905 | S8: 1020921589 | T8: 5488041044 | U8: 401600000 | V8: 424900000 | W8: 752090648 | X8: 641947905 | Y8: 27273630 | Z8: 65203116 | AA8: 769972430 | AB8: 356152794 | AC8: 3272700000 | AD8: 677399137 | AE8: 4736318377 | AF8: 6237651688 | AG8: 5087700000 | AH8: 784900000 | AI8: 2422200000 | AJ8: 568800000 | AK8: 4166000000 | AL8: 2194034573 | AM8: 9779330696 | AN8: 3789982545 | AO8: 2168907911 | AP8: 2776173460 | AQ8: 555790208 | AR8: 303738989 | AS8: 1014150889 | AT8: 4951100000 | AU8: 1419200000 | AV8: 1095000000 | AW8: 13387000000 | AX8: 444506809 | AY8: 1241000000 | AZ8: 1748687430 | BA8: 2134200000 | BB8: 1600700000 | BC8: 3106000000 | BD8: 1767000000 | BE8: 431364939 | BF8: 503400000 | BG8: 8506000000 | BH8: 4003837687 | BI8: 3686935139 | BJ8: 2551189338 | BK8: 16105000000 | BL8: 918700000 | BM8: 13620000000 | BN8: 11045858641 | BO8: 57590000000 | BP8: 23583000000 | BQ8: 20360000000 | BR8: 11710000000 | BS8: 22245600000 | BT8: 393400000 | BU8: 3138923871 | BV8: 5312200000 | BW8: 23988000000 | BX8: 19096900000 | BY8: 142990000000 | BZ8: 4222000000 | CA8: 86829000000 | CB8: 5876000000 | CC8: 6592000000 | CD8: 1602000000 | CE8: 3466191397 | CF8: 3229613613 | CG8: 379200000 | CH8: 465000000 | CI8: 11577000000 | CJ8: 6535424081
B9: 5 | C9: 629600000 | D9: 1594014033 | E9: 4594100000 | F9: 4250717518 | G9: 944201176 | H9: 3879918678 | I9: 1067000000 | J9: 2339200000 | K9: 2603595289 | L9: 14017851880 | M9: 329092611 | N9: 520668463 | O9: 968023907 | P9: 476000000 | Q9: 1261000000 | R9: 1488375356 | S9: 1065797643 | T9: 5685394499 | U9: 389000000 | V9: 462900000 | W9: 829566031 | X9: 579516792 | Y9: 28729254 | Z9: 68153703 | AA9: 830378998 | AB9: 485308306 | AC9: 3582600000 | AD9: 719634926 | AE9: 4220382675 | AF9: 6132879261 | AG9: 5298500000 | AH9: 922100000 | AI9: 2826200000 | AJ9: 569500000 | AK9: 4505000000 | AL9: 2329639438 | AM9: 10944419560 | AN9: 4203998583 | AO9: 2334984386 | AP9: 3106914425 | AQ9: 646126297 | AR9: 300024324 | AS9: 1074095991 | AT9: 4587000000 | AU9: 1579200000 | AV9: 1223000000 | AW9: 13519000000 | AX9: 483847132 | AY9: 1247000000 | AZ9: 1902527609 | BA9: 2677900000 | BB9: 1827100000 | BC9: 3173000000 | BD9: 1688000000 | BE9: 463114863 | BF9: 582800000 | BG9: 9102800000 | BH9: 4484598293 | BI9: 4177262000 | BJ9: 2742712415 | BK9: 19735000000 | BL9: 1137000000 | BM9: 15090000000 | BN9: 11522054676 | BO9: 58690000000 | BP9: 29142000000 | BQ9: 24680000000 | BR9: 12550000000 | BS9: 23751500000 | BT9: 363900000 | BU9: 3284800000 | BV9: 5986700000 | BW9: 25123000000 | BX9: 19890200000 | BY9: 148340000000 | BZ9: 4109000000 | CA9: 93195000000 | CB9: 5505000000 | CC9: 6262000000 | CD9: 1483000000 | CE9: 3658322146 | CF9: 3681629436 | CG9: 354200000 | CH9: 580400000 | CI9: 12656000000 | CJ9: 6928591929
B10: 6 | C10: 510400000 | D10: 1534487336 | E10: 3732200000 | F10: 3669457769 | G10: 1031742108 | H10: 3671231073 | I10: 879300000 | J10: 2190500000 | K10: 2327424066 | L10: 14003346928 | M10: 328846925 | N10: 468798101 | O10: 884871325 | P10: 547300000 | Q10: 1163100000 | R10: 1337921938 | S10: 959144621 | T10: 5623367517 | U10: 325000000 | V10: 468600000 | W10: 748517642 | X10: 591216517 | Y10: 16735183 | Z10: 60820483 | AA10: 740369044 | AB10: 406008547 | AC10: 3138000000 | AD10: 704733778 | AE10: 3285004378 | AF10: 5467348253 | AG10: 4674942953 | AH10: 629600000 | AI10: 2610500000 | AJ10: 517400000 | AK10: 4614000000 | AL10: 2090809413 | AM10: 9688136508 | AN10: 3833958186 | AO10: 2056720908 | AP10: 2759323472 | AQ10: 593145013 | AR10: 304580707 | AS10: 1036309499 | AT10: 4846000000 | AU10: 1501300000 | AV10: 1062000000 | AW10: 13071000000 | AX10: 426212070 | AY10: 1083000000 | AZ10: 1642502936 | BA10: 2516800000 | BB10: 1657800000 | BC10: 2939000000 | BD10: 1868000000 | BE10: 387453142 | BF10: 646500000 | BG10: 8075500000 | BH10: 3534955106 | BI10: 3831928109 | BJ10: 2403022235 | BK10: 18555000000 | BL10: 983100000 | BM10: 13400000000 | BN10: 11237700000 | BO10: 53040000000 | BP10: 24625000000 | BQ10: 24380000000 | BR10: 10750000000 | BS10: 21399100000 | BT10: 546800000 | BU10: 4057629143 | BV10: 5358400000 | BW10: 23019000000 | BX10: 18203200000 | BY10: 148650000000 | BZ10: 4208000000 | CA10: 83494000000 | CB10: 5999000000 | CC10: 6036000000 | CD10: 1808000000 | CE10: 2450832842 | CF10: 3425988662 | CG10: 403800000 | CH10: 520200000 | CI10: 11374000000 | CJ10: 6492095140
B11: 7 | C11: 557000000 | D11: 1490575665 | E11: 4193600000 | F11: 3657421546 | G11: 1022525379 | H11: 3873161966 | I11: 1065000000 | J11: 2366700000 | K11: 2527935031 | L11: 13697542971 | M11: 458808219 | N11: 419403071 | O11: 1124674449 | P11: 531400000 | Q11: 1333000000 | R11: 1463807588 | S11: 1039613612 | T11: 5711554259 | U11: 376200000 | V11: 464700000 | W11: 922627888 | X11: 613853070 | Y11: 24550844 | Z11: 71578862 | AA11: 835688005 | AB11: 412814638 | AC11: 3385800000 | AD11: 900673713 | AE11: 3522360634 | AF11: 6144293387 | AG11: 4722636725 | AH11: 776600000 | AI11: 2868900000 | AJ11: 556600000 | AK11: 4841000000 | AL11: 2073595757 | AM11: 10099617109 | AN11: 4056467987 | AO11: 2301294108 | AP11: 3124369897 | AQ11: 671810053 | AR11: 234222367 | AS11: 913916852 | AT11: 5115000000 | AU11: 1327800000 | AV11: 1191000000 | AW11: 13450700000 | AX11: 502623247 | AY11: 1192000000 | AZ11: 1861193761 | BA11: 2878200000 | BB11: 1580400000 | BC11: 3005000000 | BD11: 1645000000 | BE11: 447210830 | BF11: 684900000 | BG11: 8264600000 | BH11: 3685415343 | BI11: 4114833825 | BJ11: 2311617485 | BK11: 17641000000 | BL11: 1008000000 | BM11: 12940000000 | BN11: 10729200702 | BO11: 58720000000 | BP11: 25622000000 | BQ11: 21050000000 | BR11: 12450000000 | BS11: 22173100000 | BT11: 367300000 | BU11: 3286200000 | BV11: 5337000000 | BW11: 24717000000 | BX11: 19849000000 | BY11: 146680000000 | BZ11: 5168000000 | CA11: 80889000000 | CB11: 6762000000 | CC11: 7136000000 | CD11: 427200000 | CE11: 3158574084 | CF11: 3712770280 | CG11: 444200000 | CH11: 624800000 | CI11: 12575000000 | CJ11: 6496033470
B12: 8 | C12: 547400000 | D12: 1520836962 | E12: 4529000000 | F12: 3762480045 | G12: 979675653 | H12: 3768282814 | I12: 1286000000 | J12: 2643000000 | K12: 2494507338 | L12: 11832444765 | M12: 539191516 | N12: 418415500 | O12: 1017823091 | P12: 575400000 | Q12: 1309600000 | R12: 1552923324 | S12: 1125251178 | T12: 5951192487 | U12: 375300000 | V12: 392300000 | W12: 960682020 | X12: 628389440 | Y12: 18724175 | Z12: 82646449 | AA12: 780488506 | AB12: 372425364 | AC12: 3341200000 | AD12: 851782605 | AE12: 3100998886 | AF12: 6342770275 | AG12: 4797466074 | AH12: 799500000 | AI12: 2734500000 | AJ12: 645400000 | AK12: 4707000000 | AL12: 2081642051 | AM12: 10858831179 | AN12: 4178263955 | AO12: 2071607631 | AP12: 2897958635 | AQ12: 657544146 | AR12: 307988098 | AS12: 1117848655 | AT12: 5323000000 | AU12: 1634300000 | AV12: 1177000000 | AW12: 13186200000 | AX12: 430100000 | AY12: 1188000000 | AZ12: 1762331511 | BA12: 3096900000 | BB12: 1894600000 | BC12: 3276000000 | BD12: 1743000000 | BE12: 473725782 | BF12: 761100000 | BG12: 8974000000 | BH12: 3567023800 | BI12: 3826147398 | BJ12: 2760361609 | BK12: 18580000000 | BL12: 956800000 | BM12: 14490000000 | BN12: 11683975989 | BO12: 50240000000 | BP12: 26692000000 | BQ12: 30770000000 | BR12: 12060000000 | BS12: 23500100000 | BT12: 537300000 | BU12: 3633600000 | BV12: 5804900000 | BW12: 25988000000 | BX12: 19837700000 | BY12: 161780000000 | BZ12: 4634000000 | CA12: 99414000000 | CB12: 7367000000 | CC12: 7982000000 | CD12: 680600000 | CE12: 3045307495 | CF12: 3865828584 | CG12: 415700000 | CH12: 592800000 | CI12: 13164000000 | CJ12: 6816925900
B13: 9 | C13: 369200000 | D13: 1388310262 | E13: 4424000000 | F13: 3482274545 | G13: 730913281 | H13: 3697955306 | I13: 1474000000 | J13: 2308600000 | K13: 2421351806 | L13: 12284856528 | M13: 519177527 | N13: 386268461 | O13: 897116691 | P13: 550400000 | Q13: 1297000000 | R13: 1410537501 | S13: 990463084 | T13: 5202999994 | U13: 317300000 | V13: 427900000 | W13: 867497594 | X13: 673381593 | Y13: 15791882 | Z13: 66312372 | AA13: 767782088 | AB13: 300389959 | AC13: 3316100000 | AD13: 727883418 | AE13: 3255014153 | AF13: 5618353223 | AG13: 4597729047 | AH13: 630700000 | AI13: 2403900000 | AJ13: 575000000 | AK13: 4425000000 | AL13: 1822751321 | AM13: 9962836618 | AN13: 3873039015 | AO13: 2083291717 | AP13: 2882117251 | AQ13: 648652036 | AR13: 265328568 | AS13: 902153892 | AT13: 5728000000 | AU13: 1490900000 | AV13: 1138000000 | AW13: 12958000000 | AX13: 404755364 | AY13: 1046000000 | AZ13: 1573934348 | BA13: 3055500000 | BB13: 1344700000 | BC13: 3010000000 | BD13: 1630000000 | BE13: 448053756 | BF13: 530600000 | BG13: 8388200000 | BH13: 3361434446 | BI13: 3746523847 | BJ13: 2406512060 | BK13: 15735000000 | BL13: 958600000 | BM13: 13080000000 | BN13: 11106426330 | BO13: 49020000000 | BP13: 23171000000 | BQ13: 29890000000 | BR13: 12890000000 | BS13: 21677700000 | BT13: 721700000 | BU13: 3122452211 | BV13: 5137400000 | BW13: 24103000000 | BX13: 18599500000 | BY13: 143530000000 | BZ13: 4646000000 | CA13: 92934000000 | CB13: 6081000000 | CC13: 5590000000 | CD13: 684300000 | CE13: 3013778798 | CF13: 3600205095 | CG13: 377600000 | CH13: 538000000 | CI13: 11380000000 | CJ13: 5906969326
B14: 10 | C14: 467100000 | D14: 1555507240 | E14: 3170561739 | F14: 3791645381 | G14: 1027524672 | H14: 4195469489 | I14: 2374000000 | J14: 2395000000 | K14: 2913036593 | L14: 12638236808 | M14: 595576031 | N14: 384476295 | O14: 1036063598 | P14: 653900000 | Q14: 1474000000 | R14: 1515794167 | S14: 1160272136 | T14: 5651342732 | U14: 404900000 | V14: 446900000 | W14: 1000833909 | X14: 730200000 | Y14: 14552597 | Z14: 67374773 | AA14: 914533813 | AB14: 401105317 | AC14: 3626500000 | AD14: 784183662 | AE14: 4408654897 | AF14: 5717135214 | AG14: 4961770657 | AH14: 938700000 | AI14: 3021900000 | AJ14: 662700000 | AK14: 5074000000 | AL14: 2053664768 | AM14: 11214398979 | AN14: 4521217278 | AO14: 2364674590 | AP14: 3210243763 | AQ14: 641803366 | AR14: 295113962 | AS14: 1054878195 | AT14: 4786000000 | AU14: 1457600000 | AV14: 1227000000 | AW14: 12734800000 | AX14: 417000020 | AY14: 1199000000 | AZ14: 1762476644 | BA14: 3056500000 | BB14: 2231100000 | BC14: 3371000000 | BD14: 1486000000 | BE14: 581283814 | BF14: 744000000 | BG14: 9448700000 | BH14: 3628765347 | BI14: 4483300000 | BJ14: 3018403679 | BK14: 18656000000 | BL14: 1069000000 | BM14: 12010000000 | BN14: 11699337992 | BO14: 65910000000 | BP14: 26513000000 | BQ14: 39260000000 | BR14: 12460000000 | BS14: 24166100000 | BT14: 837300000 | BU14: 3294939356 | BV14: 6564400000 | BW14: 26375000000 | BX14: 20383300000 | BY14: 135120000000 | BZ14: 5346000000 | CA14: 93754000000 | CB14: 7975000000 | CC14: 6308000000 | CD14: 1402000000 | CE14: 4217923055 | CF14: 3913564336 | CG14: 475500000 | CH14: 584800000 | CI14: 12820000000 | CJ14: 7230759420
B15: 11 | C15: 412000000 | D15: 1517952270 | E15: 3152741787 | F15: 3375378225 | G15: 910690642 | H15: 4013678887 | I15: 3268000000 | J15: 2518000000 | K15: 2470686462 | L15: 10214153690 | M15: 333550927 | N15: 347862968 | O15: 870250179 | P15: 480600000 | Q15: 1168200000 | R15: 1348649599 | S15: 1046456796 | T15: 4989041127 | U15: 303000000 | V15: 361800000 | W15: 984491172 | X15: 622900000 | Y15: 14479157 | Z15: 65154648 | AA15: 714778160 | AB15: 386099015 | AC15: 2792200000 | AD15: 712393368 | AE15: 1669568871 | AF15: 4742400468 | AG15: 3986933172 | AH15: 730400000 | AI15: 2656400000 | AJ15: 577500000 | AK15: 4458000000 | AL15: 1985534229 | AM15: 9595330061 | AN15: 4046024599 | AO15: 1996976120 | AP15: 2711068887 | AQ15: 618181903 | AR15: 275322678 | AS15: 881394196 | AT15: 4940000000 | AU15: 1435200000 | AV15: 1037000000 | AW15: 12280800000 | AX15: 391903956 | AY15: 1201000000 | AZ15: 1491193574 | BA15: 2843200000 | BB15: 1829400000 | BC15: 2802000000 | BD15: 1483000000 | BE15: 422900000 | BF15: 735700000 | BG15: 8434000000 | BH15: 3252788585 | BI15: 3272542842 | BJ15: 2564917132 | BK15: 14458000000 | BL15: 893800000 | BM15: 12690000000 | BN15: 10371652833 | BO15: 51130000000 | BP15: 21124200000 | BQ15: 33640000000 | BR15: 13000000000 | BS15: 20609900000 | BT15: 867600000 | BU15: 2895255758 | BV15: 4991500000 | BW15: 24358000000 | BX15: 17925400000 | BY15: 137000000000 | BZ15: 3862000000 | CA15: 90774000000 | CB15: 5704000000 | CC15: 6548000000 | CD15: 1534000000 | CE15: 2896723131 | CF15: 3518453685 | CG15: 456700000 | CH15: 477300000 | CI15: 11389000000 | CJ15: 5818831100
B16: 12 | C16: 349100000 | D16: 1477776411 | E16: 2619702162 | F16: 3904402249 | G16: 783133539 | H16: 4389312356 | I16: 2038000000 | J16: 2507000000 | K16: 2631265652 | L16: 10588272173 | M16: 343708578 | N16: 372135296 | O16: 891490983 | P16: 500600000 | Q16: 1263200000 | R16: 1418067275 | S16: 1044289740 | T16: 4994684655 | U16: 355000000 | V16: 421300000 | W16: 957491138 | X16: 568400000 | Y16: 15225676 | Z16: 56136566 | AA16: 816076593 | AB16: 448976352 | AC16: 2939700000 | AD16: 756748223 | AE16: 6263371163 | AF16: 5753102824 | AG16: 4310293146 | AH16: 995900000 | AI16: 2697600000 | AJ16: 536600000 | AK16: 4638000000 | AL16: 1964341773 | AM16: 9878220573 | AN16: 3847381923 | AO16: 1902141417 | AP16: 2823900395 | AQ16: 531862988 | AR16: 259547833 | AS16: 923350672 | AT16: 5165000000 | AU16: 1555200000 | AV16: 1089000000 | AW16: 13238100000 | AX16: 448724064 | AY16: 1052000000 | AZ16: 1744906218 | BA16: 2249400000 | BB16: 1271400000 | BC16: 3030000000 | BD16: 1399000000 | BE16: 484000000 | BF16: 725200000 | BG16: 8426400000 | BH16: 3700666709 | BI16: 4085270101 | BJ16: 2863421060 | BK16: 16591000000 | BL16: 1098000000 | BM16: 11640000000 | BN16: 10687963560 | BO16: 61080000000 | BP16: 25021000000 | BQ16: 22170000000 | BR16: 12870000000 | BS16: 21391700000 | BT16: 639300000 | BU16: 3688178152 | BV16: 5388600000 | BW16: 24617000000 | BX16: 18793600000 | BY16: 131800000000 | BZ16: 3759000000 | CA16: 86357000000 | CB16: 6179000000 | CC16: 5139000000 | CD16: 1506000000 | CE16: 3146024338 | CF16: 3552334921 | CG16: 509800000 | CH16: 493700000 | CI16: 11841000000 | CJ16: 6116588766
A17: 2020 | B17: 1 | C17: 410900000 | D17: 1216464634 | E17: 2792600000 | F17: 3570060782 | G17: 759714114 | H17: 3641113673 | I17: 1244000000 | J17: 2100100000 | K17: 2419640487 | L17: 10124164085 | M17: 249892231 | N17: 344482322 | O17: 709933595 | P17: 446000000 | Q17: 1040500000 | R17: 1087532605 | S17: 836158262 | T17: 3662684847 | U17: 289500000 | V17: 329400000 | W17: 622685422 | X17: 412945954 | Y17: 13048095 | Z17: 51165618 | AA17: 632928072 | AB17: 348708995 | AC17: 2902300000 | AD17: 790056673 | AE17: 3916129773 | AF17: 5642405631 | AG17: 4374238502 | AH17: 785600000 | AI17: 2162000000 | AJ17: 535800000 | AK17: 3982000000 | AL17: 1782889579 | AM17: 8676148898 | AN17: 3550112878 | AO17: 1617555242 | AP17: 2750849944 | AQ17: 601800866 | AR17: 249114578 | AS17: 867573396 | AT17: 5699000000 | AU17: 1538800000 | AV17: 894600000 | AW17: 12029700000 | AX17: 331100000 | AY17: 996600000 | AZ17: 1414485174 | BA17: 1822700000 | BB17: 1198700000 | BC17: 2659000000 | BD17: 1295000000 | BE17: 387254515 | BF17: 607200000 | BG17: 6955400000 | BH17: 2433871899 | BI17: 2837950951 | BJ17: 2431895604 | BK17: 10084000000 | BL17: 746400000 | BM17: 11430000000 | BN17: 8011222779 | BO17: 50870000000 | BP17: 21421000000 | BQ17: 19620000000 | BR17: 10030000000 | BS17: 18258100000 | BT17: 320200000 | BU17: 2093924802 | BV17: 3976500000 | BW17: 19429000000 | BX17: 15308300000 | BY17: 107430000000 | BZ17: 2597000000 | CA17: 77100000000 | CB17: 4730000000 | CC17: 4091000000 | CD17: 762500000 | CE17: 2385221335 | CF17: 3027083659 | CG17: 325200000 | CH17: 390100000 | CI17: 9575000000 | CJ17: 4780543124
B18: 2 | C18: 369000000 | D18: 1323142601 | E18: 3571800000 | F18: 4257479018 | G18: 777967606 | H18: 4001602627 | I18: 1156000000 | J18: 2275500000 | K18: 2373602332 | L18: 11284469194 | M18: 313933645 | N18: 463913332 | O18: 896641474 | P18: 472000000 | Q18: 1087200000 | R18: 1547729768 | S18: 906372252 | T18: 4794984489 | U18: 340300000 | V18: 356100000 | W18: 794865913 | X18: 484018515 | Y18: 25102276 | Z18: 44972135 | AA18: 734997584 | AB18: 426184430 | AC18: 3038400000 | AD18: 667018455 | AE18: 2530581981 | AF18: 5011035301 | AG18: 4298245475 | AH18: 648800000 | AI18: 2029500000 | AJ18: 552400000 | AK18: 3997000000 | AL18: 1891461759 | AM18: 9559179116 | AN18: 3941682070 | AO18: 1999207920 | AP18: 2822050118 | AQ18: 610731067 | AR18: 286244773 | AS18: 863540174 | AT18: 4805300000 | AU18: 1757200000 | AV18: 928400000 | AW18: 11901500000 | AX18: 379200466 | AY18: 928800000 | AZ18: 1514868108 | BA18: 1931800000 | BB18: 1286000000 | BC18: 2959000000 | BD18: 1410000000 | BE18: 501722619 | BF18: 777800000 | BG18: 7920600000 | BH18: 3372247277 | BI18: 3640322407 | BJ18: 2235671605 | BK18: 13915000000 | BL18: 1212000000 | BM18: 13080000000 | BN18: 10373766973 | BO18: 50400000000 | BP18: 20156300000 | BQ18: 20950000000 | BR18: 10500000000 | BS18: 20363600000 | BT18: 357200000 | BU18: 2855970694 | BV18: 4607400000 | BW18: 22657000000 | BX18: 17702300000 | BY18: 132180000000 | BZ18: 2859000000 | CA18: 88648000000 | CB18: 5415000000 | CC18: 4884000000 | CD18: 1353000000 | CE18: 3340323249 | CF18: 3386100000 | CG18: 357100000 | CH18: 426600000 | CI18: 11119000000 | CJ18: 5724464107
B19: 3 | C19: 545100000 | D19: 1836183430 | E19: 4773300000 | F19: 5668699004 | G19: 900390420 | H19: 5130218731 | I19: 1443000000 | J19: 3051000000 | K19: 3405459443 | L19: 15147528490 | M19: 484455950 | N19: 503639573 | O19: 938260195 | P19: 612000000 | Q19: 1437400000 | R19: 1942749690 | S19: 1043622307 | T19: 5541893488 | U19: 425500000 | V19: 543400000 | W19: 830480491 | X19: 604700000 | Y19: 16337797 | Z19: 51784035 | AA19: 963572487 | AB19: 401414098 | AC19: 4112600000 | AD19: 768101575 | AE19: 2880113692 | AF19: 7129381333 | AG19: 5249023279 | AH19: 943500000 | AI19: 3270000000 | AJ19: 706400000 | AK19: 5100000000 | AL19: 2752360938 | AM19: 12326871909 | AN19: 4616954900 | AO19: 2432694313 | AP19: 3458287415 | AQ19: 869234879 | AR19: 315273035 | AS19: 1116999832 | AT19: 6142000000 | AU19: 1721100000 | AV19: 1155000000 | AW19: 16096000000 | AX19: 501052178 | AY19: 1308000000 | AZ19: 1997793057 | BA19: 2790000000 | BB19: 1746300000 | BC19: 3435000000 | BD19: 1909000000 | BE19: 544134595 | BF19: 736000000 | BG19: 9786300000 | BH19: 4444144015 | BI19: 5037746439 | BJ19: 2981823281 | BK19: 18108000000 | BL19: 983400000 | BM19: 15430000000 | BN19: 12858893610 | BO19: 50230000000 | BP19: 24731000000 | BQ19: 23620000000 | BR19: 14310000000 | BS19: 24317800000 | BT19: 407400000 | BU19: 2980117306 | BV19: 5819700000 | BW19: 29180000000 | BX19: 21607200000 | BY19: 173270000000 | BZ19: 3417000000 | CA19: 101020000000 | CB19: 6343000000 | CC19: 5208000000 | CD19: 2216000000 | CE19: 4351875775 | CF19: 4258200000 | CG19: 469700000 | CH19: 533600000 | CI19: 13899000000 | CJ19: 6955126403
B20: 4 | C20: 947600000 | D20: 2198613794 | E20: 6680300000 | F20: 5627970566 | G20: 1310064807 | H20: 5644196244 | I20: 1084000000 | J20: 3113000000 | K20: 3437312549 | L20: 15502549810 | M20: 154455333 | N20: 339998042 | O20: 640346883 | P20: 294733079 | Q20: 647717492 | R20: 2216292566 | S20: 500511837 | T20: 2569716009 | U20: 476300000 | V20: 343200000 | W20: 297752797 | X20: 407751735 | Y20: 14331756 | Z20: 80637217 | AA20: 913750203 | AB20: 551093255 | AC20: 4080400000 | AD20: 651802262 | AE20: 4174469369 | AF20: 6787592952 | AG20: 5365881018 | AH20: 713400000 | AI20: 4095200000 | AJ20: 562800000 | AK20: 6121000000 | AL20: 2643943887 | AM20: 10212652244 | AN20: 1563367046 | AO20: 2392707935 | AP20: 2554796787 | AQ20: 598612379 | AR20: 360056905 | AS20: 1130306564 | AT20: 5609000000 | AU20: 1160500000 | AV20: 1347000000 | AW20: 14767000000 | AX20: 384216496 | AY20: 1638000000 | AZ20: 1708836054 | BA20: 2650900000 | BB20: 2036600000 | BC20: 2003000000 | BD20: 957900000 | BE20: 544553550 | BF20: 705200000 | BG20: 7229500000 | BH20: 2985366471 | BI20: 4941806731 | BJ20: 1700904766 | BK20: 18067000000 | BL20: 1394000000 | BM20: 7149000000 | BN20: 10826196881 | BO20: 62760000000 | BP20: 26500000000 | BQ20: 16110000000 | BR20: 14930000000 | BS20: 19931300000 | BT20: 598200000 | BU20: 4292411275 | BV20: 5581800000 | BW20: 21324000000 | BX20: 18271700000 | BY20: 30743000000 | BZ20: 3316000000 | CA20: 27463000000 | CB20: 3238000000 | CC20: 4753000000 | CD20: 1269000000 | CE20: 1574823178 | CF20: 2417119680 | CG20: 197300000 | CH20: 196179149 | CI20: 13043700000 | CJ20: 4556914886
B21: 5 | C21: 692300000 | D21: 2135421018 | E21: 4154300000 | F21: 4354212850 | G21: 1347805634 | H21: 6823987457 | I21: 1044000000 | J21: 3280000000 | K21: 2991627239 | L21: 10276894657 | M21: 162017001 | N21: 262853348 | O21: 458262336 | P21: 245718679 | Q21: 718059084 | R21: 2352326961 | S21: 412083460 | T21: 2536922191 | U21: 352000000 | V21: 252100000 | W21: 380737786 | X21: 320102066 | Y21: 12508184 | Z21: 58838317 | AA21: 845675864 | AB21: 515417006 | AC21: 3472300000 | AD21: 593580769 | AE21: 3336773866 | AF21: 5485750797 | AG21: 3901274611 | AH21: 578500000 | AI21: 4090300000 | AJ21: 414200000 | AK21: 5105000000 | AL21: 2172761268 | AM21: 8074025221 | AN21: 1169300069 | AO21: 1228293013 | AP21: 2201032662 | AQ21: 698442374 | AR21: 239193556 | AS21: 738848078 | AT21: 4686000000 | AU21: 1318400000 | AV21: 935900000 | AW21: 14687400000 | AX21: 273400010 | AY21: 1269000000 | AZ21: 1462620539 | BA21: 2228600000 | BB21: 2019400000 | BC21: 1278000000 | BD21: 769000000 | BE21: 347352937 | BF21: 892100000 | BG21: 5483200000 | BH21: 2116518358 | BI21: 3832867968 | BJ21: 1216800664 | BK21: 12813000000 | BL21: 1003000000 | BM21: 4177000000 | BN21: 8114313861 | BO21: 47180000000 | BP21: 18158500000 | BQ21: 11140000000 | BR21: 10800000000 | BS21: 14141408687 | BT21: 254900000 | BU21: 2372902407 | BV21: 3648600000 | BW21: 15234000000 | BX21: 12645300000 | BY21: 13629000000 | BZ21: 2372000000 | CA21: 14260300000 | CB21: 3727000000 | CC21: 4165000000 | CD21: 297600000 | CE21: 778016330 | CF21: 2016430385 | CG21: 286500000 | CH21: 235004593 | CI21: 10137900000 | CJ21: 2481046510
B22: 6 | C22: 570200000 | D22: 2128538153 | E22: 4050700000 | F22: 4730197548 | G22: 1539345173 | H22: 6427458073 | I22: 1107000000 | J22: 3182000000 | K22: 3412767694 | L22: 14345249122 | M22: 396202882 | N22: 277744379 | O22: 721496815 | P22: 454600000 | Q22: 1346000000 | R22: 2834417688 | S22: 797992452 | T22: 5018378142 | U22: 499800000 | V22: 318800000 | W22: 709819500 | X22: 527500000 | Y22: 23761106 | Z22: 74549653 | AA22: 1092884648 | AB22: 619933353 | AC22: 3838600000 | AD22: 675758678 | AE22: 1719168475 | AF22: 4646316139 | AG22: 4508454548 | AH22: 685800000 | AI22: 4503200000 | AJ22: 534400000 | AK22: 5418000000 | AL22: 2095913178 | AM22: 11293434920 | AN22: 3199558602 | AO22: 1787972002 | AP22: 2794081793 | AQ22: 861522965 | AR22: 272284967 | AS22: 976379290 | AT22: 4716000000 | AU22: 1318500000 | AV22: 1104000000 | AW22: 14168500000 | AX22: 345800287 | AY22: 1460000000 | AZ22: 1775132520 | BA22: 2854700000 | BB22: 2302200000 | BC22: 2881000000 | BD22: 1631000000 | BE22: 413200000 | BF22: 962100000 | BG22: 7941100000 | BH22: 2808240741 | BI22: 4515055099 | BJ22: 1952834566 | BK22: 20430000000 | BL22: 865100000 | BM22: 10580000000 | BN22: 10732185099 | BO22: 75250000000 | BP22: 25987600000 | BQ22: 30570000000 | BR22: 12870000000 | BS22: 21922700000 | BT22: 443800000 | BU22: 4188003180 | BV22: 6053000000 | BW22: 24936000000 | BX22: 19930000000 | BY22: 117980000000 | BZ22: 3762000000 | CA22: 71040000000 | CB22: 4083000000 | CC22: 4142000000 | CD22: 905000000 | CE22: 2262615774 | CF22: 3486600000 | CG22: 499000000 | CH22: 467200000 | CI22: 12964600000 | CJ22: 5849130265
B23: 7 | C23: 653700000 | D23: 1968750903 | E23: 4031800000 | F23: 3897230518 | G23: 961362414 | H23: 5257450484 | I23: 1158000000 | J23: 2753000000 | K23: 2950628019 | L23: 15800177249 | M23: 513856012 | N23: 309263734 | O23: 949380711 | P23: 533600000 | Q23: 1436300000 | R23: 2458669532 | S23: 951560197 | T23: 5133580780 | U23: 467700000 | V23: 390000000 | W23: 845825943 | X23: 622000000 | Y23: 24844679 | Z23: 61674147 | AA23: 1112461648 | AB23: 442733026 | AC23: 3728500000 | AD23: 757073976 | AE23: 2848097695 | AF23: 5291285356 | AG23: 5119760582 | AH23: 975700000 | AI23: 4318600000 | AJ23: 622000000 | AK23: 5979000000 | AL23: 2372121902 | AM23: 11766993984 | AN23: 4613321582 | AO23: 2327147271 | AP23: 3257532447 | AQ23: 856316156 | AR23: 280441519 | AS23: 977400000 | AT23: 4896000000 | AU23: 1262900000 | AV23: 1234000000 | AW23: 16141900000 | AX23: 309633050 | AY23: 1367000000 | AZ23: 1857003716 | BA23: 2465600000 | BB23: 2155600000 | BC23: 3312000000 | BD23: 1745000000 | BE23: 538500000 | BF23: 1025000000 | BG23: 8818300000 | BH23: 2960227326 | BI23: 3866290910 | BJ23: 2467133922 | BK23: 17832000000 | BL23: 985900000 | BM23: 12570000000 | BN23: 12532876120 | BO23: 66980000000 | BP23: 27733500000 | BQ23: 26330000000 | BR23: 16080000000 | BS23: 22638400000 | BT23: 522800000 | BU23: 3115487968 | BV23: 5709900000 | BW23: 26511000000 | BX23: 22219200000 | BY23: 151750000000 | BZ23: 3722000000 | CA23: 98747000000 | CB23: 3221000000 | CC23: 3430000000 | CD23: 1121000000 | CE23: 2436347665 | CF23: 4118209591 | CG23: 393600000 | CH23: 649200000 | CI23: 13293000000 | CJ23: 6929754379
B24: 8 | C24: 456600000 | D24: 1882183334 | E24: 4112900000 | F24: 4055920956 | G24: 912830811 | H24: 5294837726 | I24: 1467000000 | J24: 2758000000 | K24: 2816376388 | L24: 16689187395 | M24: 501624538 | N24: 358495052 | O24: 1008472174 | P24: 594000000 | Q24: 1512300000 | R24: 2311146772 | S24: 1073105783 | T24: 5491317631 | U24: 434900000 | V24: 445700000 | W24: 804646031 | X24: 720000000 | Y24: 32748398 | Z24: 62327890 | AA24: 1111419492 | AB24: 507415735 | AC24: 3577800000 | AD24: 673521945 | AE24: 3390980446 | AF24: 5433132580 | AG24: 4719057881 | AH24: 985100000 | AI24: 3279700000 | AJ24: 651600000 | AK24: 5239000000 | AL24: 2192200775 | AM24: 12231364068 | AN24: 5234191965 | AO24: 2217215519 | AP24: 3382719154 | AQ24: 942183464 | AR24: 326482476 | AS24: 992060368 | AT24: 3869000000 | AU24: 1479200000 | AV24: 1190000000 | AW24: 14796200000 | AX24: 335499155 | AY24: 1163000000 | AZ24: 1672682631 | BA24: 2463400000 | BB24: 1824500000 | BC24: 3920000000 | BD24: 1762000000 | BE24: 614800000 | BF24: 714600000 | BG24: 10036900000 | BH24: 3204208065 | BI24: 4413439045 | BJ24: 2413257990 | BK24: 19339000000 | BL24: 1083000000 | BM24: 14150000000 | BN24: 12813779412 | BO24: 59360000000 | BP24: 25019300000 | BQ24: 32580000000 | BR24: 14560000000 | BS24: 23148000000 | BT24: 383200000 | BU24: 3800930681 | BV24: 6809100000 | BW24: 28410000000 | BX24: 21337200000 | BY24: 156880000000 | BZ24: 3828000000 | CA24: 104953000000 | CB24: 4518000000 | CC24: 3174000000 | CD24: 331500000 | CE24: 2287789953 | CF24: 4131161214 | CG24: 468300000 | CH24: 654700000 | CI24: 13596000000 | CJ24: 6933563330
B25: 9 | C25: 393400000 | D25: 1922643407 | E25: 3803900000 | F25: 4205860965 | G25: 890621334 | H25: 4858913448 | I25: 1441000000 | J25: 2836000000 | K25: 3039956341 | L25: 16547358430 | M25: 451280820 | N25: 366279954 | O25: 1065630460 | P25: 589100000 | Q25: 1533800000 | R25: 2306876607 | S25: 1286560942 | T25: 5298827229 | U25: 478600000 | V25: 428100000 | W25: 879929990 | X25: 639200000 | Y25: 20025731 | Z25: 82867896 | AA25: 1113201627 | AB25: 477127408 | AC25: 3737600000 | AD25: 769844854 | AE25: 4655952268 | AF25: 6016987345 | AG25: 5186866716 | AH25: 1162200000 | AI25: 2828600000 | AJ25: 695500000 | AK25: 5384000000 | AL25: 2114150122 | AM25: 12422955200 | AN25: 5207996050 | AO25: 2289782081 | AP25: 3462529461 | AQ25: 858867919 | AR25: 319771368 | AS25: 1054753315 | AT25: 5011000000 | AU25: 1046500000 | AV25: 1345000000 | AW25: 15321600000 | AX25: 335753400 | AY25: 1112000000 | AZ25: 1685420090 | BA25: 2747100000 | BB25: 2034700000 | BC25: 3991000000 | BD25: 1773000000 | BE25: 577100000 | BF25: 881100000 | BG25: 9462700000 | BH25: 3306819639 | BI25: 5057085939 | BJ25: 2818278696 | BK25: 19535000000 | BL25: 966200000 | BM25: 13190000000 | BN25: 15138737675 | BO25: 58820000000 | BP25: 27410000000 | BQ25: 40640000000 | BR25: 14420000000 | BS25: 23682900000 | BT25: 703800000 | BU25: 3675911260 | BV25: 6480900000 | BW25: 29170000000 | BX25: 23198700000 | BY25: 160870000000 | BZ25: 4264000000 | CA25: 107049000000 | CB25: 2836000000 | CC25: 3235000000 | CD25: 655200000 | CE25: 4406190309 | CF25: 4173999518 | CG25: 380300000 | CH25: 574000000 | CI25: 14040000000 | CJ25: 7025526350
B26: 10 | C26: 422200000 | D26: 1996519254 | E26: 3224634863 | F26: 4490450622 | G26: 881613340 | H26: 4398673513 | I26: 1781000000 | J26: 3053000000 | K26: 3054286425 | L26: 16673116599 | M26: 522429079 | N26: 383073978 | O26: 1030036652 | P26: 651700000 | Q26: 1627400000 | R26: 2288411565 | S26: 1290380654 | T26: 5675414201 | U26: 491000000 | V26: 439000000 | W26: 913669156 | X26: 619600000 | Y26: 36988451 | Z26: 75228983 | AA26: 1131252612 | AB26: 437207475 | AC26: 3958300000 | AD26: 781930633 | AE26: 3299531582 | AF26: 5929828363 | AG26: 5189700000 | AH26: 1023000000 | AI26: 2897500000 | AJ26: 751900000 | AK26: 6328000000 | AL26: 2416155646 | AM26: 12913161371 | AN26: 5527494455 | AO26: 2589506316 | AP26: 3622639683 | AQ26: 872366105 | AR26: 378033716 | AS26: 1010800000 | AT26: 5130000000 | AU26: 978600000 | AV26: 1353000000 | AW26: 16242000000 | AX26: 353601926 | AY26: 1275000000 | AZ26: 1849297825 | BA26: 3147600000 | BB26: 2068500000 | BC26: 3907000000 | BD26: 1877000000 | BE26: 606600000 | BF26: 912900000 | BG26: 9980600000 | BH26: 3605804589 | BI26: 4829093846 | BJ26: 2628804737 | BK26: 21710000000 | BL26: 1230000000 | BM26: 14600000000 | BN26: 13326855729 | BO26: 71630000000 | BP26: 25643000000 | BQ26: 39670000000 | BR26: 15250000000 | BS26: 26326300000 | BT26: 721900000 | BU26: 3970476924 | BV26: 7644000000 | BW26: 30210000000 | BX26: 23285600000 | BY26: 176340000000 | BZ26: 4016000000 | CA26: 113521000000 | CB26: 3135000000 | CC26: 2947000000 | CD26: 1336000000 | CE26: 4405839728 | CF26: 4441825488 | CG26: 418500000 | CH26: 623600000 | CI26: 14464000000 | CJ26: 7714489764
B27: 11 | C27: 401900000 | D27: 1754242806 | E27: 2789747241 | F27: 4045093327 | G27: 798008669 | H27: 3774159560 | I27: 2082000000 | J27: 2906000000 | K27: 2759452480 | L27: 16844902632 | M27: 329165978 | N27: 348448132 | O27: 1034828819 | P27: 527900000 | Q27: 1582300000 | R27: 1824961298 | S27: 1348182919 | T27: 5419984242 | U27: 415800000 | V27: 368500000 | W27: 939388043 | X27: 678500000 | Y27: 27703191 | Z27: 65031079 | AA27: 1162582845 | AB27: 402221912 | AC27: 3403700000 | AD27: 693682832 | AE27: 1870207071 | AF27: 4495665824 | AG27: 4535842559 | AH27: 827300000 | AI27: 3012500000 | AJ27: 639000000 | AK27: 5084000000 | AL27: 2426512617 | AM27: 11405686994 | AN27: 4789148679 | AO27: 2445031339 | AP27: 3198887376 | AQ27: 876985797 | AR27: 340694478 | AS27: 1034608357 | AT27: 4925000000 | AU27: 748300000 | AV27: 1267000000 | AW27: 16452000000 | AX27: 388824887 | AY27: 1242000000 | AZ27: 1583261094 | BA27: 2544700000 | BB27: 1935400000 | BC27: 3527000000 | BD27: 1698000000 | BE27: 483847703 | BF27: 833300000 | BG27: 8591400000 | BH27: 3563037584 | BI27: 4638920948 | BJ27: 2273964602 | BK27: 18214000000 | BL27: 1068000000 | BM27: 12630000000 | BN27: 12931530123 | BO27: 54540000000 | BP27: 23431000000 | BQ27: 35280000000 | BR27: 15630000000 | BS27: 22080200000 | BT27: 714300000 | BU27: 3222236183 | BV27: 6725300000 | BW27: 25972000000 | BX27: 21385400000 | BY27: 137350000000 | BZ27: 3974000000 | CA27: 98433000000 | CB27: 3256000000 | CC27: 2320000000 | CD27: 1279000000 | CE27: 3530994506 | CF27: 3951971895 | CG27: 408500000 | CH27: 653800000 | CI27: 12573000000 | CJ27: 6469673281
B28: 12 | C28: 593100000 | D28: 1972133076 | E28: 3220700000 | F28: 4701105430 | G28: 915075714 | H28: 4130110022 | I28: 1526000000 | J28: 3091000000 | K28: 3047229603 | L28: 14644663185 | M28: 239972751 | N28: 436163163 | O28: 1108896678 | P28: 583800000 | Q28: 1470300000 | R28: 2084955076 | S28: 1492204073 | T28: 5808037637 | U28: 496300000 | V28: 390000000 | W28: 990533920 | X28: 723900000 | Y28: 32563952 | Z28: 79443918 | AA28: 1212034821 | AB28: 500732458 | AC28: 3833900000 | AD28: 766059961 | AE28: 3331389487 | AF28: 5246553221 | AG28: 4672752047 | AH28: 1069600000 | AI28: 3176600000 | AJ28: 643000000 | AK28: 5905000000 | AL28: 2342530190 | AM28: 11937105738 | AN28: 4681263360 | AO28: 2404363747 | AP28: 3466784829 | AQ28: 790402684 | AR28: 349915779 | AS28: 1113482516 | AT28: 5168000000 | AU28: 871000000 | AV28: 1403000000 | AW28: 16805000000 | AX28: 346355215 | AY28: 1268000000 | AZ28: 1830855604 | BA28: 2673500000 | BB28: 2201000000 | BC28: 3656000000 | BD28: 1859000000 | BE28: 503000000 | BF28: 1084000000 | BG28: 9661500000 | BH28: 3807077771 | BI28: 6115100000 | BJ28: 2650936173 | BK28: 22810000000 | BL28: 1284000000 | BM28: 13420000000 | BN28: 15347499479 | BO28: 63610000000 | BP28: 26456000000 | BQ28: 32390000000 | BR28: 19140000000 | BS28: 25091200000 | BT28: 694200000 | BU28: 3829136625 | BV28: 7542000000 | BW28: 29280000000 | BX28: 24664100000 | BY28: 153280000000 | BZ28: 3831000000 | CA28: 101433000000 | CB28: 4274000000 | CC28: 2191000000 | CD28: 2048000000 | CE28: 3899390957 | CF28: 4577231808 | CG28: 473500000 | CH28: 680400000 | CI28: 14186000000 | CJ28: 7612969426
A29: 2021 | B29: 1 | C29: 564700000 | D29: 1787901153 | E29: 3008600000 | F29: 4099103071 | G29: 909450730 | H29: 3667897800 | I29: 1152000000 | J29: 2284800000 | K29: 2386321600 | L29: 12738133487 | M29: 281423658 | N29: 430709040 | O29: 900852034 | P29: 452400000 | Q29: 1179900000 | R29: 1388263979 | S29: 855534611 | T29: 3959558999 | U29: 317400000 | V29: 322800000 | W29: 643888205 | X29: 399301242 | Y29: 18839139 | Z29: 72606287 | AA29: 878676357 | AB29: 346430398 | AC29: 3074700000 | AD29: 574720098 | AE29: 3071586796 | AF29: 5426524602 | AG29: 4578467811 | AH29: 809700000 | AI29: 2490400000 | AJ29: 602900000 | AK29: 4484000000 | AL29: 1700556977 | AM29: 8962010461 | AN29: 3983203916 | AO29: 1741274433 | AP29: 2816708037 | AQ29: 662268875 | AR29: 310765238 | AS29: 690910754 | AT29: 5053000000 | AU29: 1012800000 | AV29: 1154000000 | AW29: 20451000000 | AX29: 218929619 | AY29: 1041000000 | AZ29: 1468641756 | BA29: 1997100000 | BB29: 1699100000 | BC29: 2588000000 | BD29: 1568000000 | BE29: 400959689 | BF29: 1080000000 | BG29: 6809900000 | BH29: 2690321788 | BI29: 3143788033 | BJ29: 1608654388 | BK29: 10802000000 | BL29: 821800000 | BM29: 10990000000 | BN29: 9105833372 | BO29: 48740000000 | BP29: 20110100000 | BQ29: 14470000000 | BR29: 11750000000 | BS29: 16444200000 | BT29: 438300000 | BU29: 2187198581 | BV29: 4574900000 | BW29: 20289000000 | BX29: 16011800000 | BY29: 124750000000 | BZ29: 2055000000 | CA29: 75612000000 | CB29: 1963000000 | CC29: 2249000000 | CD29: 1390000000 | CE29: 3782660961 | CF29: 3394233011 | CG29: 340700000 | CH29: 516500000 | CI29: 9837000000 | CJ29: 5593883346
B30: 2 | C30: 636300000 | D30: 2050779309 | E30: 3454100000 | F30: 5038694948 | G30: 898011545 | H30: 4724518700 | I30: 1084000000 | J30: 2767000000 | K30: 2665266327 | L30: 13689047560 | M30: 300135005 | N30: 491045024 | O30: 846294257 | P30: 494300000 | Q30: 1490200000 | R30: 1799180763 | S30: 1136213029 | T30: 5029182029 | U30: 409800000 | V30: 420900000 | W30: 759989694 | X30: 541200000 | Y30: 38162286 | Z30: 84274278 | AA30: 1029916403 | AB30: 291169578 | AC30: 3482400000 | AD30: 597421508 | AE30: 3180664176 | AF30: 5917272221 | AG30: 4673846270 | AH30: 638400000 | AI30: 2584200000 | AJ30: 698800000 | AK30: 4754000000 | AL30: 1819575421 | AM30: 10271646521 | AN30: 4366019200 | AO30: 2231706760 | AP30: 3008039907 | AQ30: 614295535 | AR30: 301434312 | AS30: 873356843 | AT30: 5267000000 | AU30: 1204500000 | AV30: 1387000000 | AW30: 20774000000 | AX30: 289100666 | AY30: 1117000000 | AZ30: 1919000000 | BA30: 2692900000 | BB30: 1645500000 | BC30: 3260000000 | BD30: 1708000000 | BE30: 520400000 | BF30: 975200000 | BG30: 8317300000 | BH30: 3781172596 | BI30: 5035450407 | BJ30: 1964534220 | BK30: 18004000000 | BL30: 836100000 | BM30: 13550000000 | BN30: 11981481635 | BO30: 46460000000 | BP30: 21927600000 | BQ30: 22880000000 | BR30: 14270000000 | BS30: 20483600000 | BT30: 343400000 | BU30: 3055847320 | BV30: 6071500000 | BW30: 24452000000 | BX30: 19726200000 | BY30: 124490000000 | BZ30: 3017000000 | CA30: 88570000000 | CB30: 1902000000 | CC30: 1941000000 | CD30: 2360000000 | CE30: 3439914734 | CF30: 4083000000 | CG30: 319300000 | CH30: 609700000 | CI30: 12607000000 | CJ30: 6989030211
B31: 3 | C31: 748100000 | D31: 2594918580 | E31: 4627200000 | F31: 6591359138 | G31: 1096133363 | H31: 6058584141 | I31: 1273000000 | J31: 3191000000 | K31: 3558098601 | L31: 15863873870 | M31: 340313100 | N31: 616522867 | O31: 1202078823 | P31: 624400000 | Q31: 1691700000 | R31: 2385533872 | S31: 1412349885 | T31: 6447480571 | U31: 569700000 | V31: 557600000 | W31: 987457928 | X31: 810800000 | Y31: 38334564 | Z31: 92759307 | AA31: 1437893835 | AB31: 402434470 | AC31: 4276400000 | AD31: 789949854 | AE31: 6113539703 | AF31: 6974619907 | AG31: 5322800000 | AH31: 1307900000 | AI31: 3667900000 | AJ31: 824200000 | AK31: 6169000000 | AL31: 2324266954 | AM31: 13609738553 | AN31: 5603908475 | AO31: 2625695455 | AP31: 3813192142 | AQ31: 902280766 | AR31: 397896792 | AS31: 1178600000 | AT31: 7831000000 | AU31: 1322800000 | AV31: 1872000000 | AW31: 23045000000 | AX31: 348501441 | AY31: 1563000000 | AZ31: 2171200000 | BA31: 3252200000 | BB31: 2168800000 | BC31: 3876000000 | BD31: 2127000000 | BE31: 602100000 | BF31: 1535000000 | BG31: 10959400000 | BH31: 5220161898 | BI31: 6508291696 | BJ31: 2588855650 | BK31: 23550000000 | BL31: 998300000 | BM31: 16660000000 | BN31: 15740011969 | BO31: 55590000000 | BP31: 26876000000 | BQ31: 28440000000 | BR31: 15870000000 | BS31: 26017800000 | BT31: 348300000 | BU31: 3548363722 | BV31: 8366000000 | BW31: 32770000000 | BX31: 26132100000 | BY31: 126790000000 | BZ31: 4556000000 | CA31: 111026000000 | CB31: 3114000000 | CC31: 2549000000 | CD31: 1746000000 | CE31: 4637362705 | CF31: 5232700000 | CG31: 446800000 | CH31: 778600000 | CI31: 15924000000 | CJ31: 8548121543
B32: 4 | C32: 808600000 | D32: 2232330402 | E32: 5087600000 | F32: 5158799012 | G32: 958124859 | H32: 5114565495 | I32: 1334000000 | J32: 2852000000 | K32: 3106093929 | L32: 18263235500 | M32: 233347141 | N32: 546111613 | O32: 1035527747 | P32: 488300000 | Q32: 1707700000 | R32: 1891783946 | S32: 1378390310 | T32: 4948760755 | U32: 499300000 | V32: 438500000 | W32: 844359647 | X32: 813600000 | Y32: 39736157 | Z32: 89733759 | AA32: 1212905018 | AB32: 395628117 | AC32: 3718400000 | AD32: 711395314 | AE32: 5877550992 | AF32: 6333075656 | AG32: 5676894498 | AH32: 966800000 | AI32: 3749200000 | AJ32: 770000000 | AK32: 5319000000 | AL32: 2128978717 | AM32: 12026596435 | AN32: 4797249061 | AO32: 2585713448 | AP32: 3476387688 | AQ32: 818538928 | AR32: 433596767 | AS32: 1006485480 | AT32: 7139000000 | AU32: 1227900000 | AV32: 1770000000 | AW32: 20250000000 | AX32: 296100339 | AY32: 1403000000 | AZ32: 1877002895 | BA32: 2812300000 | BB32: 1815300000 | BC32: 3104000000 | BD32: 2121000000 | BE32: 564500000 | BF32: 1598000000 | BG32: 9005500000 | BH32: 4175730202 | BI32: 5767900000 | BJ32: 1997524395 | BK32: 18252000000 | BL32: 1080000000 | BM32: 14430000000 | BN32: 12918600000 | BO32: 59400000000 | BP32: 23540000000 | BQ32: 24230000000 | BR32: 13430000000 | BS32: 22802100000 | BT32: 416000000 | BU32: 3797192117 | BV32: 6661000000 | BW32: 26948000000 | BX32: 23787000000 | BY32: 150510000000 | BZ32: 4463000000 | CA32: 92750000000 | CB32: 2689000000 | CC32: 2620000000 | CD32: 960700000 | CE32: 3497317892 | CF32: 4282700000 | CG32: 333500000 | CH32: 827700000 | CI32: 14056000000 | CJ32: 8185293706
B33: 5 | C33: 656500000 | D33: 1923599843 | E33: 3933900000 | F33: 4454980745 | G33: 1090255473 | H33: 5774288517 | I33: 1516000000 | J33: 3106000000 | K33: 2871237068 | L33: 16109285353 | M33: 467011228 | N33: 539028094 | O33: 1038339048 | P33: 553000000 | Q33: 1533332569 | R33: 1748245625 | S33: 1335765184 | T33: 5626693270 | U33: 512300000 | V33: 515800000 | W33: 941655355 | X33: 675100000 | Y33: 37236850 | Z33: 117700000 | AA33: 1303154998 | AB33: 402572450 | AC33: 3703500000 | AD33: 767597736 | AE33: 3496350676 | AF33: 5804964026 | AG33: 5194000000 | AH33: 943900000 | AI33: 3486700000 | AJ33: 787500000 | AK33: 4776000000 | AL33: 1983410077 | AM33: 11811445224 | AN33: 4655786473 | AO33: 2341230733 | AP33: 3237517821 | AQ33: 811474050 | AR33: 468209453 | AS33: 1049700000 | AT33: 8609000000 | AU33: 1552700000 | AV33: 1908000000 | AW33: 20690000000 | AX33: 299000000 | AY33: 1368000000 | AZ33: 2077651959 | BA33: 2669400000 | BB33: 1662600000 | BC33: 3111000000 | BD33: 1747000000 | BE33: 586300000 | BF33: 1756000000 | BG33: 9210500000 | BH33: 4013283710 | BI33: 5195900000 | BJ33: 1699050260 | BK33: 19367000000 | BL33: 929100000 | BM33: 13830000000 | BN33: 12761500000 | BO33: 53820000000 | BP33: 23129100000 | BQ33: 26850000000 | BR33: 14800000000 | BS33: 21058100000 | BT33: 518300000 | BU33: 3263288656 | BV33: 6178000000 | BW33: 26894000000 | BX33: 22084600000 | BY33: 155110000000 | BZ33: 4811000000 | CA33: 85711000000 | CB33: 3925000000 | CC33: 2678000000 | CD33: 2751000000 | CE33: 3950946866 | CF33: 4584200000 | CG33: 413600000 | CH33: 710600000 | CI33: 13253000000 | CJ33: 7655274716
B34: 6 | C34: 766700000 | D34: 2287212997 | E34: 3954000000 | F34: 4795108048 | G34: 1049203665 | H34: 6872120933 | I34: 1016000000 | J34: 3083000000 | K34: 3185948258 | L34: 17496293638 | M34: 373615950 | N34: 591412506 | O34: 1019894206 | P34: 569400000 | Q34: 2114200000 | R34: 1858366339 | S34: 1552136096 | T34: 5807776899 | U34: 504800000 | V34: 596800000 | W34: 1183071718 | X34: 676200000 | Y34: 63496066 | Z34: 99838412 | AA34: 1342228200 | AB34: 440315164 | AC34: 3932000000 | AD34: 729044870 | AE34: 4916453100 | AF34: 6992457529 | AG34: 6367300000 | AH34: 1467700000 | AI34: 3656800000 | AJ34: 750100000 | AK34: 5513000000 | AL34: 2057435203 | AM34: 12710476999 | AN34: 4983964135 | AO34: 2783195752 | AP34: 3768776246 | AQ34: 868876470 | AR34: 476495913 | AS34: 1055800000 | AT34: 8694000000 | AU34: 1876600000 | AV34: 2159000000 | AW34: 23361000000 | AX34: 315100535 | AY34: 1501000000 | AZ34: 2183951888 | BA34: 3000200000 | BB34: 1888500000 | BC34: 3323000000 | BD34: 2034000000 | BE34: 557200000 | BF34: 1514000000 | BG34: 9620900000 | BH34: 4166793800 | BI34: 5288987980 | BJ34: 2099393701 | BK34: 20219000000 | BL34: 1037000000 | BM34: 14010000000 | BN34: 14546200000 | BO34: 60460000000 | BP34: 22380500000 | BQ34: 28560000000 | BR34: 14640000000 | BS34: 22284600000 | BT34: 645300000 | BU34: 3859307845 | BV34: 6941000000 | BW34: 28790000000 | BX34: 24260000000 | BY34: 142860000000 | BZ34: 4882000000 | CA34: 85231000000 | CB34: 4462000000 | CC34: 3346000000 | CD34: 7915000000 | CE34: 4274659118 | CF34: 5051500000 | CG34: 449100000 | CH34: 893500000 | CI34: 14478000000 | CJ34: 9136870642
B35: 7 | C35: 651700000 | D35: 2341888960 | E35: 3697700000 | F35: 4410580548 | G35: 1023567751 | H35: 5947322802 | I35: 1605000000 | J35: 3480000000 | K35: 2979367406 | L35: 18451081443 | M35: 412541072 | N35: 517586671 | O35: 1238909210 | P35: 518300000 | Q35: 2197900000 | R35: 1767531415 | S35: 1592327032 | T35: 6059995958 | U35: 535300000 | V35: 550400000 | W35: 1116997015 | X35: 720400000 | Y35: 45697248 | Z35: 126300000 | AA35: 1354531759 | AB35: 434638387 | AC35: 3904600000 | AD35: 805560104 | AE35: 5631511442 | AF35: 7007711379 | AG35: 6220168342 | AH35: 1311600000 | AI35: 3291300000 | AJ35: 736400000 | AK35: 5727000000 | AL35: 2226816287 | AM35: 13090472969 | AN35: 5316840243 | AO35: 2663125481 | AP35: 3522094773 | AQ35: 915600999 | AR35: 414571629 | AS35: 1071200000 | AT35: 8882000000 | AU35: 2296200000 | AV35: 2178000000 | AW35: 20459000000 | AX35: 278941318 | AY35: 1585000000 | AZ35: 2362700000 | BA35: 3080100000 | BB35: 2020300000 | BC35: 3274000000 | BD35: 1933000000 | BE35: 637086802 | BF35: 2467000000 | BG35: 9461900000 | BH35: 3986930593 | BI35: 5561919944 | BJ35: 2355380400 | BK35: 22360000000 | BL35: 1115000000 | BM35: 13680000000 | BN35: 14076588529 | BO35: 57120000000 | BP35: 23523000000 | BQ35: 32000000000 | BR35: 16610000000 | BS35: 23184400000 | BT35: 432600000 | BU35: 3432505545 | BV35: 7559000000 | BW35: 28170000000 | BX35: 24166900000 | BY35: 108120000000 | BZ35: 5227000000 | CA35: 89953000000 | CB35: 5084000000 | CC35: 3910000000 | CD35: 4531000000 | CE35: 3435331049 | CF35: 5237000000 | CG35: 486800000 | CH35: 1030100000 | CI35: 14920000000 | CJ35: 8077863668
B36: 8 | C36: 566900000 | D36: 2424058863 | E36: 3352500000 | F36: 4685157930 | G36: 995030835 | H36: 5797716726 | I36: 1531000000 | J36: 3411000000 | K36: 3085792693 | L36: 18299702043 | M36: 414688575 | N36: 485466695 | O36: 1134200549 | P36: 631900000 | Q36: 1902800000 | R36: 1879556383 | S36: 1517120048 | T36: 5865622426 | U36: 480800000 | V36: 548200000 | W36: 1212925370 | X36: 676100000 | Y36: 48287934 | Z36: 110700000 | AA36: 1482470326 | AB36: 522006316 | AC36: 3809900000 | AD36: 791660494 | AE36: 5361920636 | AF36: 6692717622 | AG36: 6759200000 | AH36: 1494200000 | AI36: 2662900000 | AJ36: 912900000 | AK36: 5857000000 | AL36: 2198486622 | AM36: 13292933225 | AN36: 5437792937 | AO36: 2517835286 | AP36: 3716930388 | AQ36: 822211050 | AR36: 434799532 | AS36: 1218400000 | AT36: 7070000000 | AU36: 2408800000 | AV36: 2306000000 | AW36: 21096000000 | AX36: 355031458 | AY36: 1514000000 | AZ36: 2253400000 | BA36: 3020100000 | BB36: 1898500000 | BC36: 3526000000 | BD36: 2105000000 | BE36: 605366368 | BF36: 2786000000 | BG36: 9715700000 | BH36: 3866963911 | BI36: 5669323964 | BJ36: 2035327031 | BK36: 21110000000 | BL36: 1049000000 | BM36: 13570000000 | BN36: 14228339751 | BO36: 51170000000 | BP36: 22595200000 | BQ36: 33840000000 | BR36: 17870000000 | BS36: 22031100000 | BT36: 561700000 | BU36: 3879387834 | BV36: 6461000000 | BW36: 28420000000 | BX36: 24597800000 | BY36: 110570000000 | BZ36: 5207000000 | CA36: 93535000000 | CB36: 4159000000 | CC36: 5206000000 | CD36: 1051000000 | CE36: 4130453105 | CF36: 5771000000 | CG36: 493200000 | CH36: 1047000000 | CI36: 13535000000 | CJ36: 8306647255
B37: 9 | C37: 568400000 | D37: 2306979415 | E37: 4029000000 | F37: 4278982556 | G37: 866376808 | H37: 5858551383 | I37: 1561000000 | J37: 3277000000 | K37: 3052541088 | L37: 17348085776 | M37: 512328915 | N37: 560274086 | O37: 1144899601 | P37: 547000000 | Q37: 2087000000 | R37: 1797463370 | S37: 1745332008 | T37: 5939732557 | U37: 505800000 | V37: 523700000 | W37: 1235604673 | X37: 776300000 | Y37: 31583222 | Z37: 111200000 | AA37: 1410975654 | AB37: 452218935 | AC37: 3785800000 | AD37: 809632718 | AE37: 6286722103 | AF37: 7508293162 | AG37: 7281400000 | AH37: 787400000 | AI37: 2801500000 | AJ37: 888000000 | AK37: 6016000000 | AL37: 2105867843 | AM37: 13105348110 | AN37: 5212398195 | AO37: 2640235825 | AP37: 3543210273 | AQ37: 777669147 | AR37: 437640343 | AS37: 1015600000 | AT37: 10583000000 | AU37: 2185800000 | AV37: 2583000000 | AW37: 19086000000 | AX37: 318700324 | AY37: 1430000000 | AZ37: 2019500000 | BA37: 3601100000 | BB37: 1963000000 | BC37: 3096000000 | BD37: 1986000000 | BE37: 527891440 | BF37: 2702000000 | BG37: 9592500000 | BH37: 4175169580 | BI37: 5424400000 | BJ37: 2170831707 | BK37: 21450000000 | BL37: 985600000 | BM37: 14250000000 | BN37: 14934825130 | BO37: 62890000000 | BP37: 22123000000 | BQ37: 45550000000 | BR37: 16670000000 | BS37: 23317400000 | BT37: 803600000 | BU37: 3226810892 | BV37: 6890200000 | BW37: 27339000000 | BX37: 24317400000 | BY37: 131020000000 | BZ37: 5866000000 | CA37: 85822000000 | CB37: 4055000000 | CC37: 3379000000 | CD37: 639700000 | CE37: 3238961876 | CF37: 5495700000 | CG37: 474100000 | CH37: 985400000 | CI37: 15222000000 | CJ37: 8116984064
B38: 10 | C38: 549200000 | D38: 2294957634 | E38: 3604725689 | F38: 4673369505 | G38: 1003684137 | H38: 6032684178 | I38: 1892000000 | J38: 3987000000 | K38: 3326972706 | L38: 18562228107 | M38: 435529563 | N38: 592495488 | O38: 1201430078 | P38: 620000000 | Q38: 1961400000 | R38: 1866199755 | S38: 1856922823 | T38: 6105108046 | U38: 496000000 | V38: 485300000 | W38: 1372867333 | X38: 715900000 | Y38: 31163217 | Z38: 162000000 | AA38: 1539009391 | AB38: 623518933 | AC38: 4268000000 | AD38: 888539165 | AE38: 9856933595 | AF38: 7048114869 | AG38: 6578690154 | AH38: 1235000000 | AI38: 3457900000 | AJ38: 931100000 | AK38: 6012000000 | AL38: 2164311428 | AM38: 14363359596 | AN38: 5242097993 | AO38: 2684906113 | AP38: 3752497458 | AQ38: 862517739 | AR38: 491083846 | AS38: 1088600000 | AT38: 9968000000 | AU38: 2121400000 | AV38: 2881000000 | AW38: 19462000000 | AX38: 322600000 | AY38: 1604000000 | AZ38: 2291600000 | BA38: 4370100000 | BB38: 2173600000 | BC38: 3052000000 | BD38: 2227000000 | BE38: 571688636 | BF38: 3417000000 | BG38: 9948400000 | BH38: 3951644098 | BI38: 5622034517 | BJ38: 2095933085 | BK38: 22520000000 | BL38: 1164000000 | BM38: 13710000000 | BN38: 15558200000 | BO38: 65260000000 | BP38: 24653000000 | BQ38: 33290000000 | BR38: 16380000000 | BS38: 23237600000 | BT38: 877300000 | BU38: 3656310506 | BV38: 7467000000 | BW38: 28360000000 | BX38: 25027100000 | BY38: 117250000000 | BZ38: 6249000000 | CA38: 95198000000 | CB38: 3334000000 | CC38: 4604000000 | CD38: 1017000000 | CE38: 2703467384 | CF38: 6081000000 | CG38: 427000000 | CH38: 1277800000 | CI38: 14646000000 | CJ38: 8385724345
B39: 11 | C39: 537500000 | D39: 2608785274 | E39: 3973600000 | F39: 4925379892 | G39: 1074954443 | H39: 6440449085 | I39: 2714000000 | J39: 3879000000 | K39: 3431958772 | L39: 16456579722 | M39: 577863581 | N39: 558449863 | O39: 1243460637 | P39: 620300000 | Q39: 1795700000 | R39: 1896251365 | S39: 1890256560 | T39: 6378476249 | U39: 542700000 | V39: 481300000 | W39: 1513730539 | X39: 792900000 | Y39: 36574020 | Z39: 141100000 | AA39: 1496127785 | AB39: 573214092 | AC39: 4411900000 | AD39: 935801976 | AE39: 7124540858 | AF39: 7863838575 | AG39: 6744700000 | AH39: 1874300000 | AI39: 3525300000 | AJ39: 884200000 | AK39: 6155000000 | AL39: 2175458881 | AM39: 13901059764 | AN39: 5573579918 | AO39: 2731808378 | AP39: 3857523199 | AQ39: 811702238 | AR39: 434355214 | AS39: 1155000000 | AT39: 13836000000 | AU39: 1827600000 | AV39: 2847000000 | AW39: 22431000000 | AX39: 336262697 | AY39: 1790000000 | AZ39: 2195600000 | BA39: 4176700000 | BB39: 2013000000 | BC39: 3511000000 | BD39: 2218000000 | BE39: 524712252 | BF39: 3023000000 | BG39: 9893000000 | BH39: 4399842169 | BI39: 5819700000 | BJ39: 2244414917 | BK39: 22220000000 | BL39: 1057000000 | BM39: 13510000000 | BN39: 15310855241 | BO39: 71690000000 | BP39: 22806800000 | BQ39: 38320000000 | BR39: 16270000000 | BS39: 23149500000 | BT39: 744800000 | BU39: 3848286079 | BV39: 7170000000 | BW39: 28850000000 | BX39: 24868800000 | BY39: 177340000000 | BZ39: 7463000000 | CA39: 97999000000 | CB39: 4047000000 | CC39: 5375000000 | CD39: 1697000000 | CE39: 3133922990 | CF39: 6166200000 | CG39: 455200000 | CH39: 1139100000 | CI39: 14184000000 | CJ39: 8966188956
B40: 12 | C40: 917700000 | D40: 2390674827 | E40: 4222400000 | F40: 5531437380 | G40: 1125088475 | H40: 6145700794 | I40: 1751000000 | J40: 3993000000 | K40: 3619347966 | L40: 20509684304 | M40: 371526016 | N40: 559741928 | O40: 1254473199 | P40: 627900000 | Q40: 1838100000 | R40: 2049839056 | S40: 2377502701 | T40: 7352578173 | U40: 541200000 | V40: 521800000 | W40: 1443925602 | X40: 833800000 | Y40: 34404659 | Z40: 144100000 | AA40: 1580670886 | AB40: 680722683 | AC40: 4647600000 | AD40: 1048196480 | AE40: 9230608222 | AF40: 8869125912 | AG40: 8052700000 | AH40: 1899300000 | AI40: 4130200000 | AJ40: 974400000 | AK40: 7297000000 | AL40: 2146024728 | AM40: 15423577817 | AN40: 5490131791 | AO40: 2980300000 | AP40: 4045672097 | AQ40: 916009406 | AR40: 471699861 | AS40: 1224200000 | AT40: 15422000000 | AU40: 2952500000 | AV40: 3117000000 | AW40: 24478000000 | AX40: 380600000 | AY40: 1714000000 | AZ40: 2412200000 | BA40: 4582200000 | BB40: 2165600000 | BC40: 3692000000 | BD40: 2585000000 | BE40: 755300000 | BF40: 3115000000 | BG40: 10916100000 | BH40: 4989405031 | BI40: 6694700000 | BJ40: 2400925796 | BK40: 25560000000 | BL40: 1142000000 | BM40: 14560000000 | BN40: 18240451418 | BO40: 81160000000 | BP40: 25907000000 | BQ40: 41220000000 | BR40: 22410000000 | BS40: 26981400000 | BT40: 648800000 | BU40: 3893017664 | BV40: 8918000000 | BW40: 32960000000 | BX40: 28980500000 | BY40: 149360000000 | BZ40: 6265000000 | CA40: 102634000000 | CB40: 4048000000 | CC40: 6025000000 | CD40: 2564000000 | CE40: 3662855030 | CF40: 6788600000 | CG40: 588400000 | CH40: 1248400000 | CI40: 15458000000 | CJ40: 9688987635
A41: 2022 | B41: 1 | C41: 655600000 | D41: 1966354933 | E41: 4440500000 | F41: 4788192276 | G41: 963632388 | H41: 5737702466 | I41: 1280000000 | J41: 3100000000 | K41: 2935268879 | L41: 14561042177 | M41: 251713832 | N41: 577772046 | O41: 866445323 | P41: 567100000 | Q41: 1332700000 | R41: 1578078170 | S41: 1345307960 | T41: 4821056092 | U41: 407900000 | V41: 394900000 | W41: 1088981729 | X41: 579600000 | Y41: 27797546 | Z41: 117800000 | AA41: 1167621457 | AB41: 629524773 | AC41: 4153400000 | AD41: 779990440 | AE41: 6216920298 | AF41: 6301645452 | AG41: 6872665049 | AH41: 1760200000 | AI41: 3084500000 | AJ41: 813700000 | AK41: 5240000000 | AL41: 1787297845 | AM41: 10867497579 | AN41: 4697399968 | AO41: 1962466498 | AP41: 3217358778 | AQ41: 862631071 | AR41: 453294327 | AS41: 965700000 | AT41: 9887000000 | AU41: 1777300000 | AV41: 2056000000 | AW41: 21082300000 | AX41: 295207541 | AY41: 1326000000 | AZ41: 1579200000 | BA41: 3314300000 | BB41: 1608700000 | BC41: 2664000000 | BD41: 1763000000 | BE41: 415838083 | BF41: 2381000000 | BG41: 7674000000 | BH41: 4062507899 | BI41: 4184361926 | BJ41: 1462577235 | BK41: 14656000000 | BL41: 837100000 | BM41: 9517000000 | BN41: 10588385101 | BO41: 53740000000 | BP41: 20829700000 | BQ41: 18040000000 | BR41: 13460000000 | BS41: 18319100000 | BT41: 504800000 | BU41: 2454242515 | BV41: 4914100000 | BW41: 23133000000 | BX41: 18996700000 | BY41: 86290000000 | BZ41: 5110000000 | CA41: 75226000000 | CB41: 2858000000 | CC41: 3683000000 | CD41: 1351000000 | CE41: 2790467135 | CF41: 5237600000 | CG41: 393800000 | CH41: 756700000 | CI41: 10736000000 | CJ41: 6364143396
B42: 2 | C42: 781000000 | D42: 2216727573 | E42: 5735200000 | F42: 5833705506 | G42: 1070681926 | H42: 6002432154 | I42: 1514000000 | J42: 3778000000 | K42: 3196487612 | L42: 17010099520 | M42: 451248323 | N42: 618876773 | O42: 1155822528 | P42: 630500000 | Q42: 1782700000 | R42: 1759508471 | S42: 1586374596 | T42: 5739925753 | U42: 432900000 | V42: 407100000 | W42: 1243535520 | X42: 694700000 | Y42: 35197711 | Z42: 153900000 | AA42: 1386052736 | AB42: 644257498 | AC42: 4164500000 | AD42: 871982353 | AE42: 8158031043 | AF42: 7191703506 | AG42: 7639700000 | AH42: 1967400000 | AI42: 4074000000 | AJ42: 929700000 | AK42: 6278000000 | AL42: 2114251626 | AM42: 13617740948 | AN42: 5245026521 | AO42: 2292358343 | AP42: 4009037678 | AQ42: 911576307 | AR42: 494667183 | AS42: 1013300000 | AT42: 11522000000 | AU42: 2610900000 | AV42: 3021000000 | AW42: 20089100000 | AX42: 341500058 | AY42: 1629000000 | AZ42: 2149900476 | BA42: 3992700000 | BB42: 1895200000 | BC42: 3127000000 | BD42: 2083000000 | BE42: 526600000 | BF42: 2924000000 | BG42: 9512400000 | BH42: 5227102193 | BI42: 5204684224 | BJ42: 2269306054 | BK42: 23000000000 | BL42: 906000000 | BM42: 15390000000 | BN42: 14077481195 | BO42: 73900000000 | BP42: 25165000000 | BQ42: 28650000000 | BR42: 16850000000 | BS42: 22148100000 | BT42: 369000000 | BU42: 3181297825 | BV42: 7839000000 | BW42: 30020000000 | BX42: 26347100000 | BY42: 170820000000 | BZ42: 6646000000 | CA42: 110017000000 | CB42: 3505000000 | CC42: 5525000000 | CD42: 868000000 | CE42: 3647368972 | CF42: 5838600000 | CG42: 445900000 | CH42: 887400000 | CI42: 13770000000 | CJ42: 8456600056
B43: 3 | C43: 890400000 | D43: 2699830513 | E43: 5768300000 | F43: 7479696448 | G43: 1403514006 | H43: 7031930964 | I43: 1546000000 | J43: 4303000000 | K43: 4026081205 | L43: 22247732923 | M43: 402308793 | N43: 795963084 | O43: 1379506039 | P43: 739600000 | Q43: 2219600000 | R43: 2292328585 | S43: 1976616876 | T43: 7159270100 | U43: 651300000 | V43: 595900000 | W43: 1624600478 | X43: 805600000 | Y43: 43807838 | Z43: 179300000 | AA43: 1622473562 | AB43: 677010006 | AC43: 5042200000 | AD43: 1190383121 | AE43: 12403511130 | AF43: 8933023445 | AG43: 8455100000 | AH43: 2442900000 | AI43: 5737600000 | AJ43: 1125400000 | AK43: 7464000000 | AL43: 2857822293 | AM43: 16863785740 | AN43: 6430979262 | AO43: 3188033277 | AP43: 4439812150 | AQ43: 1192588502 | AR43: 558048839 | AS43: 1372400000 | AT43: 10503000000 | AU43: 2695500000 | AV43: 3854000000 | AW43: 25294000000 | AX43: 420904875 | AY43: 2090000000 | AZ43: 2540300000 | BA43: 4853600000 | BB43: 2468700000 | BC43: 3988000000 | BD43: 2443000000 | BE43: 665100000 | BF43: 2983000000 | BG43: 12201200000 | BH43: 6205158559 | BI43: 6411000000 | BJ43: 2652112872 | BK43: 26720000000 | BL43: 1017000000 | BM43: 17600000000 | BN43: 17266100000 | BO43: 75620000000 | BP43: 25456000000 | BQ43: 34700000000 | BR43: 21360000000 | BS43: 27632200000 | BT43: 572000000 | BU43: 4023419693 | BV43: 9033000000 | BW43: 36280000000 | BX43: 31622200000 | BY43: 153990000000 | BZ43: 8171000000 | CA43: 122334000000 | CB43: 4595000000 | CC43: 4900000000 | CD43: 1271000000 | CE43: 3575807335 | CF43: 7141500000 | CG43: 604000000 | CH43: 1201500000 | CI43: 17325000000 | CJ43: 10869435358
B44: 4 | C44: 894300000 | D44: 2395236747 | E44: 5507900000 | F44: 6188342171 | G44: 1136385876 | H44: 5824181951 | I44: 1421000000 | J44: 3991000000 | K44: 3373465915 | L44: 19423388854 | M44: 323865105 | N44: 569008005 | O44: 1173756333 | P44: 532100000 | Q44: 1753400000 | R44: 1842321403 | S44: 1673520400 | T44: 6295824435 | U44: 515000000 | V44: 588500000 | W44: 1460158517 | X44: 767800000 | Y44: 35119849 | Z44: 189800000 | AA44: 1428309100 | AB44: 546934361 | AC44: 4214500000 | AD44: 925916322 | AE44: 10140805896 | AF44: 8327648242 | AG44: 8074700000 | AH44: 1377500000 | AI44: 5580900000 | AJ44: 1021900000 | AK44: 6118000000 | AL44: 2572175808 | AM44: 14689469614 | AN44: 5900154140 | AO44: 2919406894 | AP44: 3970968262 | AQ44: 1106065262 | AR44: 562955339 | AS44: 1162800000 | AT44: 10976000000 | AU44: 3219800000 | AV44: 3738000000 | AW44: 21213000000 | AX44: 355700524 | AY44: 1673000000 | AZ44: 2479190317 | BA44: 3716100000 | BB44: 2327700000 | BC44: 3382000000 | BD44: 2378000000 | BE44: 561900000 | BF44: 2401000000 | BG44: 9952300000 | BH44: 5006404489 | BI44: 5862667946 | BJ44: 2259510502 | BK44: 25850000000 | BL44: 1018000000 | BM44: 17100000000 | BN44: 16458340366 | BO44: 61930000000 | BP44: 26015000000 | BQ44: 22700000000 | BR44: 16460000000 | BS44: 24272400000 | BT44: 369400000 | BU44: 3559925137 | BV44: 8047000000 | BW44: 31410000000 | BX44: 27357900000 | BY44: 147520000000 | BZ44: 6733000000 | CA44: 108485000000 | CB44: 3927000000 | CC44: 5662000000 | CD44: 2331000000 | CE44: 2998575121 | CF44: 6315300000 | CG44: 519500000 | CH44: 848300000 | CI44: 14435000000 | CJ44: 9290628297
B45: 5 | C45: 995300000 | D45: 2428926753 | E45: 5499300000 | F45: 6069695876 | G45: 1413505871 | H45: 6717833357 | I45: 1327000000 | J45: 3555000000 | K45: 3880144397 | L45: 19903602051 | M45: 342275289 | N45: 699209891 | O45: 1361002667 | P45: 656700000 | Q45: 1874100000 | R45: 2060221583 | S45: 1829317053 | T45: 6799051783 | U45: 591800000 | V45: 444800000 | W45: 1618331671 | X45: 840100000 | Y45: 48833346 | Z45: 187100000 | AA45: 1597078245 | AB45: 687110253 | AC45: 4700600000 | AD45: 1046129302 | AE45: 9548092822 | AF45: 8485993158 | AG45: 7754900000 | AH45: 858300000 | AI45: 5155100000 | AJ45: 1066000000 | AK45: 6823000000 | AL45: 2904677793 | AM45: 15435224756 | AN45: 6443203335 | AO45: 3037800000 | AP45: 4451855367 | AQ45: 1091555876 | AR45: 571696763 | AS45: 1326500000 | AT45: 13051000000 | AU45: 3315900000 | AV45: 3842000000 | AW45: 20391000000 | AX45: 372100276 | AY45: 1992000000 | AZ45: 2263995446 | BA45: 4214900000 | BB45: 2481100000 | BC45: 3680000000 | BD45: 2309000000 | BE45: 605100000 | BF45: 1929000000 | BG45: 10824900000 | BH45: 6365000690 | BI45: 6108062358 | BJ45: 2265344847 | BK45: 25750000000 | BL45: 931000000 | BM45: 17630000000 | BN45: 16508100000 | BO45: 77850000000 | BP45: 25632000000 | BQ45: 23520000000 | BR45: 18250000000 | BS45: 24705000000 | BT45: 527600000 | BU45: 3666664359 | BV45: 8174000000 | BW45: 34080000000 | BX45: 28742200000 | BY45: 153600000000 | BZ45: 7608000000 | CA45: 111553000000 | CB45: 4826000000 | CC45: 5616000000 | CD45: 2756000000 | CE45: 3569149348 | CF45: 6813700000 | CG45: 543800000 | CH45: 951800000 | CI45: 15005000000 | CJ45: 9971616640
B46: 6 | C46: 813000000 | D46: 2741598532 | E46: 5254400000 | F46: 5333449989 | G46: 1125546268 | H46: 5727537784 | I46: 1335000000 | J46: 3175000000 | K46: 3581352865 | L46: 21945147095 | M46: 404321165 | N46: 706569833 | O46: 1464600000 | P46: 616600000 | Q46: 2004200000 | R46: 2091343958 | S46: 1977400000 | T46: 7231424544 | U46: 641100000 | V46: 505700000 | W46: 1655195137 | X46: 910600000 | Y46: 35837936 | Z46: 165600000 | AA46: 1608465200 | AB46: 742117024 | AC46: 4681500000 | AD46: 1065658488 | AE46: 10206606233 | AF46: 8129308206 | AG46: 8005000000 | AH46: 881800000 | AI46: 4917400000 | AJ46: 1038700000 | AK46: 6888000000 | AL46: 2704747866 | AM46: 16263708633 | AN46: 6386780143 | AO46: 2701515699 | AP46: 4410256724 | AQ46: 1087873443 | AR46: 581915200 | AS46: 1351400000 | AT46: 13189000000 | AU46: 3296300000 | AV46: 3578000000 | AW46: 21072000000 | AX46: 367700060 | AY46: 2065000000 | AZ46: 2193430185 | BA46: 4178900000 | BB46: 2401800000 | BC46: 3902000000 | BD46: 2666000000 | BE46: 802400000 | BF46: 2749000000 | BG46: 11982700000 | BH46: 5706571070 | BI46: 6159004379 | BJ46: 2670490724 | BK46: 27490000000 | BL46: 1057000000 | BM46: 14580000000 | BN46: 16894036091 | BO46: 78140000000 | BP46: 22663000000 | BQ46: 25430000000 | BR46: 23070000000 | BS46: 26860500000 | BT46: 367100000 | BU46: 3779398181 | BV46: 8556000000 | BW46: 35960000000 | BX46: 30377100000 | BY46: 166050000000 | BZ46: 7157000000 | CA46: 110303000000 | CB46: 4466000000 | CC46: 7224000000 | CD46: 3444000000 | CE46: 4202362593 | CF46: 6443100000 | CG46: 701000000 | CH46: 1169800000 | CI46: 16356000000 | CJ46: 10110167102
B47: 7 | C47: 791100000 | D47: 2595984097 | E47: 4663100000 | F47: 5216790139 | G47: 1360082863 | H47: 5562468222 | I47: 1912000000 | J47: 4670000000 | K47: 3514394583 | L47: 20601670457 | M47: 446253167 | N47: 623436473 | O47: 1451000000 | P47: 662700000 | Q47: 1694900000 | R47: 1748340096 | S47: 1835700000 | T47: 6665634870 | U47: 629900000 | V47: 407700000 | W47: 1663520828 | X47: 860200000 | Y47: 32301735 | Z47: 226200000 | AA47: 1471595240 | AB47: 701916139 | AC47: 4472500000 | AD47: 1092577518 | AE47: 10376540921 | AF47: 8316371120 | AG47: 7572000000 | AH47: 1280400000 | AI47: 3400300000 | AJ47: 1078800000 | AK47: 6588000000 | AL47: 2431031870 | AM47: 15416112026 | AN47: 5734547933 | AO47: 2776900000 | AP47: 4161674814 | AQ47: 1180322517 | AR47: 580934116 | AS47: 1261200000 | AT47: 12585000000 | AU47: 2988800000 | AV47: 3130000000 | AW47: 19041000000 | AX47: 349703074 | AY47: 2004000000 | AZ47: 1967693806 | BA47: 4116700000 | BB47: 2268500000 | BC47: 3510000000 | BD47: 2344000000 | BE47: 669104949 | BF47: 2854000000 | BG47: 10543400000 | BH47: 5250458811 | BI47: 5660887178 | BJ47: 2387046731 | BK47: 27090000000 | BL47: 1104000000 | BM47: 14510000000 | BN47: 15915917161 | BO47: 75780000000 | BP47: 29745000000 | BQ47: 23800000000 | BR47: 21660000000 | BS47: 26129600000 | BT47: 360700000 | BU47: 3358520685 | BV47: 7212000000 | BW47: 33880000000 | BX47: 28338200000 | BY47: 126080000000 | BZ47: 7282000000 | CA47: 102434000000 | CB47: 3266000000 | CC47: 8076000000 | CD47: 3121000000 | CE47: 4390291948 | CF47: 6549500000 | CG47: 581400000 | CH47: 1151700000 | CI47: 15416000000 | CJ47: 9327026014
B48: 8 | C48: 648700000 | D48: 2785848372 | E48: 6311900000 | F48: 5833156803 | G48: 1539435014 | H48: 5545877722 | I48: 1572000000 | J48: 4779000000 | K48: 3667503986 | L48: 21194071466 | M48: 401156104 | N48: 728796726 | O48: 1424500000 | P48: 716800000 | Q48: 1846800000 | R48: 1946558654 | S48: 1983483292 | T48: 7282412658 | U48: 605600000 | V48: 435700000 | W48: 1828582653 | X48: 983900000 | Y48: 48568444 | Z48: 195400000 | AA48: 1447677562 | AB48: 887733267 | AC48: 4763000000 | AD48: 1168169227 | AE48: 12142826142 | AF48: 8320108661 | AG48: 6788100000 | AH48: 1373800000 | AI48: 4806000000 | AJ48: 1199800000 | AK48: 7340000000 | AL48: 2787071197 | AM48: 16379724364 | AN48: 6946033040 | AO48: 2959800000 | AP48: 4323203965 | AQ48: 1109623619 | AR48: 628862899 | AS48: 1404300000 | AT48: 11358000000 | AU48: 3068000000 | AV48: 2931000000 | AW48: 17923000000 | AX48: 369000000 | AY48: 2141000000 | AZ48: 2133200000 | BA48: 4452300000 | BB48: 2742500000 | BC48: 3949000000 | BD48: 2805000000 | BE48: 747100000 | BF48: 2401000000 | BG48: 11446800000 | BH48: 5537628145 | BI48: 5802960885 | BJ48: 2392948455 | BK48: 27100000000 | BL48: 1047000000 | BM48: 18490000000 | BN48: 16673274644 | BO48: 77060000000 | BP48: 27339000000 | BQ48: 25000000000 | BR48: 17370000000 | BS48: 26784500000 | BT48: 602000000 | BU48: 3843620160 | BV48: 7081000000 | BW48: 36210000000 | BX48: 30196500000 | BY48: 166370000000 | BZ48: 8750000000 | CA48: 124981000000 | CB48: 5132000000 | CC48: 8768000000 | CD48: 2664000000 | CE48: 4116703957 | CF48: 6451000000 | CG48: 784000000 | CH48: 1104600000 | CI48: 16134000000 | CJ48: 9536808271
B49: 9 | C49: 613900000 | D49: 2449980216 | E49: 4778700000 | F49: 5179751509 | G49: 1580789157 | H49: 5087640144 | I49: 1327000000 | J49: 5249000000 | K49: 3764525765 | L49: 21210422054 | M49: 415040969 | N49: 615991475 | O49: 1212400000 | P49: 641400000 | Q49: 2185700000 | R49: 1767061356 | S49: 2290951899 | T49: 6847652386 | U49: 611600000 | V49: 358700000 | W49: 1616394105 | X49: 987800000 | Y49: 40271579 | Z49: 166400000 | AA49: 1314911859 | AB49: 749859130 | AC49: 4465500000 | AD49: 1139299414 | AE49: 12492787858 | AF49: 7229642524 | AG49: 6111400000 | AH49: 896100000 | AI49: 4683800000 | AJ49: 1096500000 | AK49: 6950000000 | AL49: 2584625941 | AM49: 14965811427 | AN49: 6400618361 | AO49: 2690843739 | AP49: 4376908061 | AQ49: 1050112578 | AR49: 584148043 | AS49: 1227100000 | AT49: 9297000000 | AU49: 2094500000 | AV49: 2301000000 | AW49: 17446300000 | AX49: 361400061 | AY49: 1629000000 | AZ49: 1867500000 | BA49: 4509900000 | BB49: 2478900000 | BC49: 3757000000 | BD49: 2506000000 | BE49: 690800000 | BF49: 1741000000 | BG49: 11096300000 | BH49: 5497319807 | BI49: 5791414801 | BJ49: 2087666742 | BK49: 26830000000 | BL49: 907800000 | BM49: 16860000000 | BN49: 16327952495 | BO49: 97290000000 | BP49: 28851000000 | BQ49: 41020000000 | BR49: 20100000000 | BS49: 27598700000 | BT49: 376100000 | BU49: 3457388306 | BV49: 7919000000 | BW49: 36250000000 | BX49: 29058700000 | BY49: 186570000000 | BZ49: 8226000000 | CA49: 123383000000 | CB49: 4955000000 | CC49: 7999000000 | CD49: 2333000000 | CE49: 4111090880 | CF49: 6108700000 | CG49: 718400000 | CH49: 1148400000 | CI49: 15843000000 | CJ49: 9569862489
B50: 10 | C50: 611100000 | D50: 2456055316 | E50: 3640387314 | F50: 5387683643 | G50: 1594220999 | H50: 4906042189 | I50: 1596000000 | J50: 4413000000 | K50: 3797042064 | L50: 18871332723 | M50: 376884630 | N50: 531992969 | O50: 1221113588 | P50: 630600000 | Q50: 2063700000 | R50: 1741209799 | S50: 2564755313 | T50: 6875122473 | U50: 537900000 | V50: 393700000 | W50: 1611410115 | X50: 977300000 | Y50: 34970098 | Z50: 160500000 | AA50: 1245720534 | AB50: 815181853 | AC50: 4292600000 | AD50: 1033382118 | AE50: 6201657873 | AF50: 7705951498 | AG50: 5665700000 | AH50: 784200000 | AI50: 4418400000 | AJ50: 1106500000 | AK50: 6839000000 | AL50: 2422047374 | AM50: 14771161221 | AN50: 6013881726 | AO50: 2604200000 | AP50: 4016285330 | AQ50: 1002336841 | AR50: 706429732 | AS50: 1299200000 | AT50: 8658000000 | AU50: 2236000000 | AV50: 2281000000 | AW50: 16972000000 | AX50: 361085871 | AY50: 2020000000 | AZ50: 2020372024 | BA50: 4301700000 | BB50: 2037600000 | BC50: 3693000000 | BD50: 2434000000 | BE50: 609500000 | BF50: 2280000000 | BG50: 10904200000 | BH50: 5667904082 | BI50: 5638121357 | BJ50: 2065845390 | BK50: 25450000000 | BL50: 839500000 | BM50: 15910000000 | BN50: 15289056681 | BO50: 83740000000 | BP50: 29293000000 | BQ50: 35700000000 | BR50: 20920000000 | BS50: 26641100000 | BT50: 592300000 | BU50: 3228543045 | BV50: 6796000000 | BW50: 34650000000 | BX50: 27643800000 | BY50: 167990000000 | BZ50: 8663000000 | CA50: 108768000000 | CB50: 4287000000 | CC50: 7065000000 | CD50: 2622000000 | CE50: 4535801492 | CF50: 6207000000 | CG50: 595400000 | CH50: 1086500000 | CI50: 15123000000 | CJ50: 8911177502
B51: 11 | C51: 667300000 | D51: 2340883235 | E51: 3850600000 | F51: 5314564412 | G51: 1475078326 | H51: 4898927340 | I51: 1553000000 | J51: 4452000000 | K51: 3655791808 | L51: 19003599294 | M51: 429345655 | N51: 429109083 | O51: 1072400000 | P51: 617600000 | Q51: 2352100000 | R51: 1642142427 | S51: 2399104927 | T51: 6878324507 | U51: 554500000 | V51: 366200000 | W51: 1646246257 | X51: 997500000 | Y51: 38148415 | Z51: 145700000 | AA51: 1243190435 | AB51: 736335390 | AC51: 3970500000 | AD51: 1056228445 | AE51: 3642576453 | AF51: 6045680902 | AG51: 5115600000 | AH51: 705000000 | AI51: 4051700000 | AJ51: 1093500000 | AK51: 6440000000 | AL51: 2345368516 | AM51: 13903163153 | AN51: 6081981968 | AO51: 2456516072 | AP51: 4059891921 | AQ51: 893868468 | AR51: 595083974 | AS51: 1260200000 | AT51: 8137000000 | AU51: 1857000000 | AV51: 2113000000 | AW51: 17802700000 | AX51: 353908471 | AY51: 1648000000 | AZ51: 1869651193 | BA51: 4442100000 | BB51: 1976500000 | BC51: 3385000000 | BD51: 2168000000 | BE51: 573700000 | BF51: 1651000000 | BG51: 10588400000 | BH51: 5330921173 | BI51: 5899203930 | BJ51: 1722709441 | BK51: 24760000000 | BL51: 859300000 | BM51: 17100000000 | BN51: 14181420711 | BO51: 79140000000 | BP51: 26787000000 | BQ51: 32650000000 | BR51: 18850000000 | BS51: 26845100000 | BT51: 558600000 | BU51: 2767811658 | BV51: 6919000000 | BW51: 35030000000 | BX51: 27582300000 | BY51: 161790000000 | BZ51: 7335000000 | CA51: 115442000000 | CB51: 3958000000 | CC51: 9061000000 | CD51: 3003000000 | CE51: 4726386983 | CF51: 6207100000 | CG51: 722100000 | CH51: 1085500000 | CI51: 15317000000 | CJ51: 8655088039
B52: 12 | C52: 858300000 | D52: 2766431773 | E52: 4563900000 | F52: 5705781966 | G52: 1377438735 | H52: 4828079355 | I52: 1287000000 | J52: 4195000000 | K52: 3942795198 | L52: 18350755529 | M52: 216511167 | N52: 349228945 | O52: 1087867353 | P52: 606900000 | Q52: 2185700000 | R52: 1661141789 | S52: 3272680712 | T52: 6981283781 | U52: 709100000 | V52: 361000000 | W52: 1527607269 | X52: 1103600000 | Y52: 33446942 | Z52: 146200000 | AA52: 1305967402 | AB52: 764642363 | AC52: 4286400000 | AD52: 974308806 | AE52: 15063772280 | AF52: 6742729722 | AG52: 5096700000 | AH52: 1135200000 | AI52: 4199000000 | AJ52: 1182700000 | AK52: 6767000000 | AL52: 2369360358 | AM52: 14021896267 | AN52: 5731288546 | AO52: 2346600000 | AP52: 4152762062 | AQ52: 835515389 | AR52: 583905311 | AS52: 1122700000 | AT52: 9314000000 | AU52: 1683800000 | AV52: 2029000000 | AW52: 16040000000 | AX52: 370323000 | AY52: 1712000000 | AZ52: 2036377703 | BA52: 4485000000 | BB52: 2185400000 | BC52: 3600000000 | BD52: 1976000000 | BE52: 622100000 | BF52: 1382000000 | BG52: 10901400000 | BH52: 5574178962 | BI52: 5849900000 | BJ52: 1424757552 | BK52: 26250000000 | BL52: 927500000 | BM52: 15900000000 | BN52: 16714996017 | BO52: 69950000000 | BP52: 27148000000 | BQ52: 23260000000 | BR52: 19290000000 | BS52: 27369100000 | BT52: 546600000 | BU52: 3896800000 | BV52: 7686000000 | BW52: 35220000000 | BX52: 28134200000 | BY52: 157170000000 | BZ52: 8179000000 | CA52: 108814000000 | CB52: 4464000000 | CC52: 10170000000 | CD52: 2588000000 | CE52: 4941952933 | CF52: 6420500000 | CG52: 727600000 | CH52: 1110300000 | CI52: 15720000000 | CJ52: 8045682236
A53: 2023 | B53: 1 | C53: 754500000 | D53: 2384706181 | E53: 4478600000 | F53: 5277866612 | G53: 1180392979 | H53: 4386716453 | I53: 1067000000 | J53: 3413000000 | K53: 3485030136 | L53: 13817483446 | M53: 305971158 | N53: 455254852 | O53: 932075571 | P53: 591000000 | Q53: 1574200000 | R53: 1252656848 | S53: 1529931568 | T53: 4522214768 | U53: 464900000 | V53: 349300000 | W53: 1074498743 | X53: 927700000 | Y53: 20743268 | Z53: 93936934 | AA53: 921833339 | AB53: 601663239 | AC53: 3602200000 | AD53: 896472521 | AE53: 10132674357 | AF53: 6442226122 | AG53: 4615200000 | AH53: 1343700000 | AI53: 3313300000 | AJ53: 898400000 | AK53: 5436000000 | AL53: 1938713091 | AM53: 11136224691 | AN53: 4893288436 | AO53: 1896505630 | AP53: 3748343480 | AQ53: 809624098 | AR53: 552879432 | AS53: 1107200000 | AT53: 7239000000 | AU53: 1634300000 | AV53: 1991000000 | AW53: 13894500000 | AX53: 356522605 | AY53: 1493000000 | AZ53: 1763650155 | BA53: 3270600000 | BB53: 1509000000 | BC53: 3516000000 | BD53: 1684000000 | BE53: 565700000 | BF53: 1231000000 | BG53: 8002700000 | BH53: 4651027775 | BI53: 4652178188 | BJ53: 873389576 | BK53: 16111000000 | BL53: 695800000 | BM53: 12340000000 | BN53: 11107613407 | BO53: 56920000000 | BP53: 22687900000 | BQ53: 17820000000 | BR53: 13450000000 | BS53: 21557700000 | BT53: 359200000 | BU53: 2101100000 | BV53: 4584000000 | BW53: 28650000000 | BX53: 22079500000 | BY53: 157540000000 | BZ53: 5587000000 | CA53: 91497000000 | CB53: 3844000000 | CC53: 8089000000 | CD53: 2087000000 | CE53: 3258278416 | CF53: 4519900000 | CG53: 438600000 | CH53: 1031600000 | CI53: 10746000000 | CJ53: 6437478076
B54: 2 | C54: 854500000 | D54: 2201981651 | E54: 5405100000 | F54: 6030446135 | G54: 980674762 | H54: 4172239393 | I54: 1091000000 | J54: 4253000000 | K54: 3451988792 | L54: 15578268142 | M54: 379927845 | N54: 410285852 | O54: 896719792 | P54: 672200000 | Q54: 1569200000 | R54: 1441019138 | S54: 1772570951 | T54: 5479674698 | U54: 531200000 | V54: 316900000 | W54: 1218171508 | X54: 816400000 | Y54: 31970591 | Z54: 125200000 | AA54: 1024384230 | AB54: 579031764 | AC54: 3947700000 | AD54: 862099281 | AE54: 5869512703 | AF54: 6235601744 | AG54: 4558400000 | AH54: 822800000 | AI54: 3991500000 | AJ54: 890600000 | AK54: 5927000000 | AL54: 2240673155 | AM54: 11961847630 | AN54: 5389232959 | AO54: 2347294773 | AP54: 4050180460 | AQ54: 881042075 | AR54: 577856565 | AS54: 1082800000 | AT54: 8186000000 | AU54: 1561300000 | AV54: 2212000000 | AW54: 12698700000 | AX54: 372959487 | AY54: 1462000000 | AZ54: 1804476854 | BA54: 3777600000 | BB54: 1805600000 | BC54: 3389000000 | BD54: 1780000000 | BE54: 541600000 | BF54: 1384000000 | BG54: 9555900000 | BH54: 5660154940 | BI54: 5027778206 | BJ54: 1090813455 | BK54: 22710000000 | BL54: 856600000 | BM54: 14490000000 | BN54: 14560827727 | BO54: 54040000000 | BP54: 22323200000 | BQ54: 20540000000 | BR54: 17310000000 | BS54: 24699300000 | BT54: 334600000 | BU54: 2558800000 | BV54: 6497000000 | BW54: 32090000000 | BX54: 25438000000 | BY54: 132360000000 | BZ54: 6537000000 | CA54: 101248000000 | CB54: 3578000000 | CC54: 8299000000 | CD54: 1959000000 | CE54: 3164008850 | CF54: 5366200000 | CG54: 627600000 | CH54: 938800000 | CI54: 13453000000 | CJ54: 8235643646
B55: 3 | C55: 1010000000 | D55: 2638735605 | E55: 5822200000 | F55: 6774378275 | G55: 1275004929 | H55: 4868945091 | I55: 1181000000 | J55: 4947000000 | K55: 3948154359 | L55: 19900012179 | M55: 376300216 | N55: 532053403 | O55: 1035300000 | P55: 674100000 | Q55: 1953600000 | R55: 1723803874 | S55: 2298367068 | T55: 6553998059 | U55: 670700000 | V55: 457400000 | W55: 1417600525 | X55: 938100000 | Y55: 22468188 | Z55: 145600000 | AA55: 1110281988 | AB55: 559561798 | AC55: 4287500000 | AD55: 1131098884 | AE55: 9160638854 | AF55: 6332352640 | AG55: 4911300000 | AH55: 808800000 | AI55: 4783300000 | AJ55: 1122400000 | AK55: 6663000000 | AL55: 3043135574 | AM55: 14464599294 | AN55: 6572820844 | AO55: 2711998539 | AP55: 4766934665 | AQ55: 993753057 | AR55: 587424174 | AS55: 1270400000 | AT55: 8630000000 | AU55: 1669400000 | AV55: 2231000000 | AW55: 13772700000 | AX55: 454369939 | AY55: 1670000000 | AZ55: 2351636758 | BA55: 4319000000 | BB55: 2059300000 | BC55: 3939000000 | BD55: 2166000000 | BE55: 769100000 | BF55: 1604000000 | BG55: 11571800000 | BH55: 6812716032 | BI55: 5724948565 | BJ55: 980009713 | BK55: 28190000000 | BL55: 857800000 | BM55: 16070000000 | BN55: 15909116744 | BO55: 51400000000 | BP55: 30063000000 | BQ55: 24060000000 | BR55: 18800000000 | BS55: 29518400000 | BT55: 515500000 | BU55: 3055000000 | BV55: 8326000000 | BW55: 36820000000 | BX55: 30334700000 | BY55: 162110000000 | BZ55: 8040000000 | CA55: 126402000000 | CB55: 4073000000 | CC55: 8466000000 | CD55: 2996000000 | CE55: 4915867348 | CF55: 5766500000 | CG55: 639200000 | CH55: 1112000000 | CI55: 16744000000 | CJ55: 9760013165
B56: 4 | C56: 680700000 | D56: 2513524422 | E56: 4406000000 | F56: 5088259249 | G56: 1153433427 | H56: 4376574673 | I56: 1660000000 | J56: 4074000000 | K56: 3590781906 | L56: 17487075739 | M56: 257224651 | N56: 372016677 | O56: 828077627 | P56: 540000000 | Q56: 1591400000 | R56: 1409788414 | S56: 1859304350 | T56: 5351714367 | U56: 499500000 | V56: 343600000 | W56: 1141672741 | X56: 780400000 | Y56: 29097485 | Z56: 99180805 | AA56: 991655483 | AB56: 469720117 | AC56: 3822300000 | AD56: 1045779956 | AE56: 7201254136 | AF56: 5501691208 | AG56: 4325735899 | AH56: 667100000 | AI56: 3722900000 | AJ56: 899800000 | AK56: 5347000000 | AL56: 2473426886 | AM56: 11703050157 | AN56: 5088565998 | AO56: 2218909156 | AP56: 3957697277 | AQ56: 874018392 | AR56: 581406314 | AS56: 1002800000 | AT56: 7372000000 | AU56: 1199900000 | AV56: 1909000000 | AW56: 10472900000 | AX56: 369082690 | AY56: 1493000000 | AZ56: 1930518683 | BA56: 3637400000 | BB56: 1809900000 | BC56: 3160000000 | BD56: 1734000000 | BE56: 540141571 | BF56: 1346000000 | BG56: 9361700000 | BH56: 5467427551 | BI56: 4944569114 | BJ56: 713970884 | BK56: 22030000000 | BL56: 883200000 | BM56: 13740000000 | BN56: 15421500000 | BO56: 66400000000 | BP56: 24927800000 | BQ56: 17100000000 | BR56: 16390000000 | BS56: 26965700000 | BT56: 260500000 | BU56: 2680100000 | BV56: 6813000000 | BW56: 31120000000 | BX56: 24083800000 | BY56: 118610000000 | BZ56: 7452000000 | CA56: 103954000000 | CB56: 4680000000 | CC56: 8409000000 | CD56: 2798000000 | CE56: 3645490781 | CF56: 4787100000 | CG56: 534600000 | CH56: 901900000 | CI56: 13582000000 | CJ56: 8116483847
B57: 5 | C57: 957600000 | D57: 3009524222 | E57: 4259700000 | F57: 5768012509 | G57: 1399289014 | H57: 5209572473 | I57: 1124000000 | J57: 3976000000 | K57: 3771125701 | L57: 21041070679 | M57: 355714220 | N57: 486623428 | O57: 1052900000 | P57: 693700000 | Q57: 1784000000 | R57: 1724972382 | S57: 2201388743 | T57: 6453421450 | U57: 594600000 | V57: 421900000 | W57: 1549786499 | X57: 944500000 | Y57: 18921277 | Z57: 125100000 | AA57: 1094530727 | AB57: 493909121 | AC57: 4317500000 | AD57: 1086204540 | AE57: 6751641629 | AF57: 5988202250 | AG57: 4573962471 | AH57: 1282300000 | AI57: 4085200000 | AJ57: 994000000 | AK57: 6289000000 | AL57: 2504152583 | AM57: 13331459802 | AN57: 6015288032 | AO57: 2637702082 | AP57: 4521711791 | AQ57: 1054170388 | AR57: 646784667 | AS57: 1195700000 | AT57: 7336000000 | AU57: 1248400000 | AV57: 2393000000 | AW57: 13262200000 | AX57: 432131644 | AY57: 1729000000 | AZ57: 2033363257 | BA57: 4046400000 | BB57: 2092400000 | BC57: 4020000000 | BD57: 2099000000 | BE57: 626800000 | BF57: 1607000000 | BG57: 11392100000 | BH57: 6120264792 | BI57: 5141898780 | BJ57: 1090409757 | BK57: 24910000000 | BL57: 1181000000 | BM57: 17360000000 | BN57: 15875384609 | BO57: 44180000000 | BP57: 25410100000 | BQ57: 21030000000 | BR57: 17510000000 | BS57: 29789000000 | BT57: 598800000 | BU57: 2968700000 | BV57: 7083000000 | BW57: 33288000000 | BX57: 27041500000 | BY57: 179320000000 | BZ57: 8869000000 | CA57: 119100000000 | CB57: 4338000000 | CC57: 8378000000 | CD57: 3185000000 | CE57: 3678720614 | CF57: 5199400000 | CG57: 695600000 | CH57: 1178600000 | CI57: 15081000000 | CJ57: 8135662748
B58: 6 | C58: 925600000 | D58: 2633922154 | E58: 5292800000 | F58: 5120104956 | G58: 1153306974 | H58: 5194842869 | I58: 1387000000 | J58: 3808000000 | K58: 3701029303 | L58: 20733330896 | M58: 347325497 | N58: 416334848 | O58: 1091300000 | P58: 705100000 | Q58: 1813100000 | R58: 1715200817 | S58: 2284100000 | T58: 6474146627 | U58: 609800000 | V58: 395500000 | W58: 1436170038 | X58: 906800000 | Y58: 27129962 | Z58: 115500000 | AA58: 1134908826 | AB58: 393149652 | AC58: 3871400000 | AD58: 968344340 | AE58: 6256535821 | AF58: 5393996957 | AG58: 4380400000 | AH58: 574000000 | AI58: 4016400000 | AJ58: 964200000 | AK58: 6067000000 | AL58: 2966074128 | AM58: 12735644505 | AN58: 5777388949 | AO58: 2455897946 | AP58: 4417018223 | AQ58: 936169004 | AR58: 547008488 | AS58: 1080300000 | AT58: 6538000000 | AU58: 1171900000 | AV58: 2292000000 | AW58: 11380400000 | AX58: 385479981 | AY58: 1371000000 | AZ58: 2093511409 | BA58: 3966500000 | BB58: 2042000000 | BC58: 3466000000 | BD58: 1915000000 | BE58: 717500000 | BF58: 1314000000 | BG58: 10338900000 | BH58: 5354007812 | BI58: 5459560514 | BJ58: 971103512 | BK58: 24760000000 | BL58: 863300000 | BM58: 14720000000 | BN58: 16088100000 | BO58: 45720000000 | BP58: 27585600000 | BQ58: 23290000000 | BR58: 20390000000 | BS58: 31675600000 | BT58: 318200000 | BU58: 2680000000 | BV58: 8006000000 | BW58: 33205000000 | BX58: 25499600000 | BY58: 153190000000 | BZ58: 7203000000 | CA58: 108887000000 | CB58: 3158000000 | CC58: 8059000000 | CD58: 2607000000 | CE58: 3985163200 | CF58: 5106400000 | CG58: 609800000 | CH58: 1129000000 | CI58: 14890000000 | CJ58: 8270211839
B59: 7 | C59: 871800000 | D59: 2609143539 | E59: 3930700000 | F59: 4390097492 | G59: 1149994244 | H59: 4895414085 | I59: 1689000000 | J59: 3848000000 | K59: 3466445330 | L59: 18661446360 | M59: 364235228 | N59: 389309718 | O59: 1076500000 | P59: 635800000 | Q59: 1562500000 | R59: 1481988980 | S59: 1903014098 | T59: 5598450468 | U59: 521300000 | V59: 324300000 | W59: 1329355284 | X59: 804700000 | Y59: 24760655 | Z59: 99090475 | AA59: 995927389 | AB59: 358810621 | AC59: 3838000000 | AD59: 876376451 | AE59: 5048099953 | AF59: 4903539102 | AG59: 4122168591 | AH59: 694600000 | AI59: 3808300000 | AJ59: 858300000 | AK59: 5571000000 | AL59: 2432780350 | AM59: 11517159801 | AN59: 5511698358 | AO59: 2279970017 | AP59: 3791629361 | AQ59: 822320810 | AR59: 543801460 | AS59: 1031200000 | AT59: 5828000000 | AU59: 1213600000 | AV59: 1948000000 | AW59: 9991400000 | AX59: 363025669 | AY59: 1278000000 | AZ59: 1892266510 | BA59: 3832000000 | BB59: 1708800000 | BC59: 3115000000 | BD59: 1563000000 | BE59: 573379073 | BF59: 1055000000 | BG59: 9474900000 | BH59: 5163675199 | BI59: 4818760657 | BJ59: 862858092 | BK59: 22750000000 | BL59: 931300000 | BM59: 12950000000 | BN59: 13887618720 | BO59: 37440000000 | BP59: 20929700000 | BQ59: 18290000000 | BR59: 17230000000 | BS59: 28698000000 | BT59: 260000000 | BU59: 2562800000 | BV59: 6825000000 | BW59: 30017000000 | BX59: 23720600000 | BY59: 164460000000 | BZ59: 8271000000 | CA59: 93850000000 | CB59: 3538000000 | CC59: 6348000000 | CD59: 2018000000 | CE59: 3531571315 | CF59: 4640200000 | CG59: 526000000 | CH59: 1064200000 | CI59: 13727000000 | CJ59: 7426474235
B60: 8 | C60: 797900000 | D60: 2482713651 | E60: 4576000000 | F60: 4772039057 | G60: 1037925113 | H60: 4614829885 | I60: 1015000000 | J60: 4041000000 | K60: 3540023528 | L60: 17643572764 | M60: 288191659 | N60: 467515787 | O60: 1172900000 | P60: 716300000 | Q60: 1653600000 | R60: 1771868604 | S60: 2101503005 | T60: 6044683234 | U60: 612000000 | V60: 351400000 | W60: 1495223166 | X60: 899900000 | Y60: 19276778 | Z60: 100400000 | AA60: 1077324471 | AB60: 371250629 | AC60: 4424000000 | AD60: 926104797 | AE60: 5547770378 | AF60: 5192121271 | AG60: 4562735817 | AH60: 1046400000 | AI60: 4417400000 | AJ60: 971000000 | AK60: 6696000000 | AL60: 2605511560 | AM60: 13649680990 | AN60: 6593566708 | AO60: 2565236646 | AP60: 4402000338 | AQ60: 930954689 | AR60: 576292356 | AS60: 1153200000 | AT60: 6264000000 | AU60: 1375100000 | AV60: 2100000000 | AW60: 10559300000 | AX60: 431826356 | AY60: 1500000000 | AZ60: 2032788019 | BA60: 4119100000 | BB60: 2064100000 | BC60: 3701000000 | BD60: 1832000000 | BE60: 536312002 | BF60: 1333000000 | BG60: 10469300000 | BH60: 5161005858 | BI60: 5292843280 | BJ60: 1028307461 | BK60: 25280000000 | BL60: 835200000 | BM60: 16000000000 | BN60: 15424100000 | BO60: 38790000000 | BP60: 26586700000 | BQ60: 27330000000 | BR60: 20310000000 | BS60: 29532000000 | BT60: 477600000 | BU60: 2973900000 | BV60: 7684000000 | BW60: 35005000000 | BX60: 27522900000 | BY60: 159000000000 | BZ60: 7284000000 | CA60: 114919000000 | CB60: 3712000000 | CC60: 7986000000 | CD60: 369100000 | CE60: 3593192312 | CF60: 5348400000 | CG60: 636900000 | CH60: 1165000000 | CI60: 15798000000 | CJ60: 7207574745
B61: 9 | C61: 686100000 | D61: 2548209641 | E61: 3732112637 | F61: 4112649545 | G61: 1131328515 | H61: 4537506325 | I61: 1093000000 | J61: 3837000000 | K61: 3734331605 | L61: 17908464461 | M61: 322450486 | N61: 381612641 | O61: 1045366233 | P61: 523900000 | Q61: 1598900000 | R61: 1548319635 | S61: 1842791908 | T61: 5471521802 | U61: 507500000 | V61: 319900000 | W61: 1371505995 | X61: 825200000 | Y61: 19324594 | Z61: 95937559 | AA61: 980245068 | AB61: 366150411 | AC61: 3642300000 | AD61: 916573662 | AE61: 8681912202 | AF61: 5388267184 | AG61: 4105200000 | AH61: 1108000000 | AI61: 3791000000 | AJ61: 851500000 | AK61: 5917000000 | AL61: 2575034307 | AM61: 12087153773 | AN61: 5684815784 | AO61: 2293173460 | AP61: 3729846833 | AQ61: 770400968 | AR61: 635787129 | AS61: 934900000 | AT61: 6673000000 | AU61: 1189900000 | AV61: 1628000000 | AW61: 11747200000 | AX61: 407605659 | AY61: 1412000000 | AZ61: 1784027434 | BA61: 3491600000 | BB61: 1761300000 | BC61: 3303000000 | BD61: 1669000000 | BE61: 633357079 | BF61: 1140000000 | BG61: 9595400000 | BH61: 4677543569 | BI61: 4693678464 | BJ61: 1031400167 | BK61: 23560000000 | BL61: 838000000 | BM61: 14180000000 | BN61: 15132099378 | BO61: 34190000000 | BP61: 21448800000 | BQ61: 27810000000 | BR61: 18010000000 | BS61: 28225500000 | BT61: 359700000 | BU61: 2464000000 | BV61: 7068000000 | BW61: 30590000000 | BX61: 24665300000 | BY61: 172710000000 | BZ61: 7820000000 | CA61: 105142000000 | CB61: 3387000000 | CC61: 6113000000 | CD61: 1415000000 | CE61: 2970481181 | CF61: 4908500000 | CG61: 540100000 | CH61: 1079400000 | CI61: 13600000000 | CJ61: 9749955566
B62: 10 | C62: 616300000 | D62: 2630408974 | E62: 3175622495 | F62: 4758304195 | G62: 1349746593 | H62: 4686775447 | I62: 1192000000 | J62: 4454000000 | K62: 4065518975 | L62: 16833886152 | M62: 407852373 | N62: 411528876 | O62: 1124800000 | P62: 480600000 | Q62: 1667300000 | R62: 1642801057 | S62: 2328030947 | T62: 6076487558 | U62: 558500000 | V62: 400100000 | W62: 1730589069 | X62: 902300000 | Y62: 26120985 | Z62: 95625433 | AA62: 1108268809 | AB62: 475290130 | AC62: 3732100000 | AD62: 1114829769 | AE62: 6301376693 | AF62: 6402649932 | AG62: 4408200000 | AH62: 663000000 | AI62: 4473000000 | AJ62: 939600000 | AK62: 6378000000 | AL62: 2552747075 | AM62: 12990362524 | AN62: 6713227705 | AO62: 2577876305 | AP62: 4116767789 | AQ62: 818107764 | AR62: 532090863 | AS62: 1094000000 | AT62: 5507000000 | AU62: 1269300000 | AV62: 2001000000 | AW62: 11711700000 | AX62: 435809758 | AY62: 1402000000 | AZ62: 1780252632 | BA62: 3707800000 | BB62: 1954400000 | BC62: 3556000000 | BD62: 1781000000 | BE62: 640700000 | BF62: 1256000000 | BG62: 10614800000 | BH62: 5903610589 | BI62: 5137636628 | BJ62: 1091945023 | BK62: 23720000000 | BL62: 909800000 | BM62: 15710000000 | BN62: 15729017083 | BO62: 41300000000 | BP62: 24630100000 | BQ62: 31270000000 | BR62: 18930000000 | BS62: 30007100000 | BT62: 575500000 | BU62: 2586300000 | BV62: 8098000000 | BW62: 33577000000 | BX62: 27946400000 | BY62: 193660000000 | BZ62: 8058000000 | CA62: 111753000000 | CB62: 4138000000 | CC62: 8600000000 | CD62: 3282000000 | CE62: 3501099965 | CF62: 5612300000 | CG62: 640900000 | CH62: 1161400000 | CI62: 15526000000 | CJ62: 8706277838
B63: 11 | C63: 566800000 | D63: 2470761125 | E63: 3463975032 | F63: 5162043363 | G63: 1013623730 | H63: 4257409971 | I63: 1134000000 | J63: 4492000000 | K63: 3841179099 | L63: 17741654356 | M63: 495300766 | N63: 344233337 | O63: 1156308238 | P63: 614500000 | Q63: 1515100000 | R63: 1715321604 | S63: 2221292817 | T63: 5605199195 | U63: 602500000 | V63: 306100000 | W63: 1473135355 | X63: 990600000 | Y63: 19680209 | Z63: 105800000 | AA63: 1025637157 | AB63: 440954957 | AC63: 3778400000 | AD63: 1131470320 | AE63: 6487107624 | AF63: 4971611876 | AG63: 3681190761 | AH63: 1530600000 | AI63: 4369500000 | AJ63: 904200000 | AK63: 6122000000 | AL63: 2566623139 | AM63: 12458254399 | AN63: 5857938816 | AO63: 2444179058 | AP63: 3825996616 | AQ63: 831033537 | AR63: 481374591 | AS63: 1123300000 | AT63: 5476000000 | AU63: 1193700000 | AV63: 1865000000 | AW63: 10764000000 | AX63: 381785370 | AY63: 1336000000 | AZ63: 1959121867 | BA63: 3290300000 | BB63: 1919300000 | BC63: 3635000000 | BD63: 1645000000 | BE63: 579163513 | BF63: 1302000000 | BG63: 10574900000 | BH63: 5375767326 | BI63: 5160388376 | BJ63: 1210621544 | BK63: 24200000000 | BL63: 903400000 | BM63: 14880000000 | BN63: 15995753787 | BO63: 48200000000 | BP63: 23410600000 | BQ63: 25780000000 | BR63: 17870000000 | BS63: 32464300000 | BT63: 437600000 | BU63: 2867000000 | BV63: 8222000000 | BW63: 32967000000 | BX63: 26968000000 | BY63: 163040000000 | BZ63: 7696000000 | CA63: 104006000000 | CB63: 3218000000 | CC63: 7880000000 | CD63: 2425000000 | CE63: 4969656431 | CF63: 5399900000 | CG63: 629700000 | CH63: 1015000000 | CI63: 15792000000 | CJ63: 7940133793
B64: 12 | C64: 459800000 | D64: 2458698452 | E64: 3950000000 | F64: 5425559554 | G64: 1120654743 | H64: 3823254370 | I64: 1088000000 | J64: 4330000000 | K64: 3936914220 | L64: 14878418450 | M64: 363131893 | N64: 290735197 | O64: 1025700000 | P64: 680100000 | Q64: 1720400000 | R64: 1731300310 | S64: 2941669267 | T64: 5798890870 | U64: 601400000 | V64: 294200000 | W64: 1427720229 | X64: 945300000 | Y64: 16283067 | Z64: 81594225 | AA64: 1051060123 | AB64: 427010246 | AC64: 3458100000 | AD64: 1049788155 | AE64: 4850062883 | AF64: 5708190168 | AG64: 3608000000 | AH64: 784800000 | AI64: 3672900000 | AJ64: 807200000 | AK64: 5764000000 | AL64: 2763247389 | AM64: 11977357132 | AN64: 5472689452 | AO64: 2196537087 | AP64: 3672416937 | AQ64: 782063942 | AR64: 589111532 | AS64: 954400000 | AT64: 7166000000 | AU64: 1085700000 | AV64: 1830000000 | AW64: 11635600000 | AX64: 336870309 | AY64: 1406000000 | AZ64: 1799588975 | BA64: 4060000000 | BB64: 1981300000 | BC64: 3325000000 | BD64: 1620000000 | BE64: 612921144 | BF64: 1432000000 | BG64: 10191100000 | BH64: 4986622429 | BI64: 5003774912 | BJ64: 1212156493 | BK64: 20200000000 | BL64: 959700000 | BM64: 13080000000 | BN64: 14702081092 | BO64: 41960000000 | BP64: 22565700000 | BQ64: 14720000000 | BR64: 17100000000 | BS64: 30106200000 | BT64: 285600000 | BU64: 2747400000 | BV64: 7426000000 | BW64: 31969000000 | BX64: 26079800000 | BY64: 170140000000 | BZ64: 6134000000 | CA64: 97209000000 | CB64: 3772000000 | CC64: 6772000000 | CD64: 2211000000 | CE64: 3729413591 | CF64: 5338400000 | CG64: 643800000 | CH64: 859700000 | CI64: 15203000000 | CJ64: 8671270754
A65: 2024 | B65: 1 | C65: 720400000 | D65: 2359559561 | E65: 3372300000 | F65: 4741221260 | G65: 1076065142 | H65: 3998983848 | I65: 1031000000 | J65: 3437000000 | K65: 3482846624 | L65: 15315887406 | M65: 251916389 | N65: 315898921 | O65: 915800000 | P65: 580500000 | Q65: 1199600000 | R65: 1231763117 | S65: 1937469327 | T65: 4387821402 | U65: 461600000 | V65: 236900000 | W65: 1100664964 | X65: 713400000 | Y65: 14833742 | Z65: 71566663 | AA65: 806666326 | AB65: 351696800 | AC65: 3239100000 | AD65: 855627947 | AE65: 9288870645 | AF65: 5279925510 | AG65: 4211200000 | AH65: 1128300000 | AI65: 3603800000 | AJ65: 777300000 | AK65: 5399000000 | AL65: 2628567849 | AM65: 10419979781 | AN65: 4756775424 | AO65: 1720806787 | AP65: 3272830310 | AQ65: 659214796 | AR65: 509159139 | AS65: 938636356 | AT65: 5745600000 | AU65: 1027100000 | AV65: 1494000000 | AW65: 10316100000 | AX65: 287421288 | AY65: 1195000000 | AZ65: 1633797168 | BA65: 2503600000 | BB65: 1713800000 | BC65: 2787000000 | BD65: 1495000000 | BE65: 446014245 | BF65: 1333000000 | BG65: 8547800000 | BH65: 4542712066 | BI65: 3942912889 | BJ65: 985860766 | BK65: 14442000000 | BL65: 633900000 | BM65: 13300000000 | BN65: 11041866235 | BO65: 34450000000 | BP65: 23260900000 | BQ65: 16220000000 | BR65: 14600000000 | BS65: 21938800000 | BT65: 321200000 | BU65: 3209100000 | BV65: 4595000000 | BW65: 23969000000 | BX65: 22298700000 | BY65: 127800000000 | BZ65: 5020000000 | CA65: 81565000000 | CB65: 4277000000 | CC65: 6911000000 | CD65: 2629000000 | CE65: 3031082091 | CF65: 3484200000 | CG65: 458000000 | CH65: 609200000 | CI65: 11282000000 | CJ65: 5459395318
B66: 2 | C66: 593500000 | D66: 2752124479 | E66: 5077400000 | F66: 6356611862 | G66: 1117531684 | H66: 3985102333 | I66: 883000000 | J66: 4066000000 | K66: 3567316064 | L66: 16457735472 | M66: 322254023 | N66: 378686407 | O66: 1099000000 | P66: 701900000 | Q66: 1584600000 | R66: 1582147260 | S66: 2095099557 | T66: 5539871913 | U66: 543400000 | V66: 319300000 | W66: 1273454925 | X66: 879800000 | Y66: 17857864 | Z66: 80276951 | AA66: 930489667 | AB66: 366425289 | AC66: 3757400000 | AD66: 949158251 | AE66: 9380525328 | AF66: 5517952255 | AG66: 4452400000 | AH66: 675500000 | AI66: 3895500000 | AJ66: 812200000 | AK66: 5681000000 | AL66: 2666814129 | AM66: 12350391522 | AN66: 5700915619 | AO66: 2243106933 | AP66: 3754513978 | AQ66: 716708172 | AR66: 530387449 | AS66: 1016500000 | AT66: 7020000000 | AU66: 1305400000 | AV66: 1710000000 | AW66: 10953300000 | AX66: 398275793 | AY66: 1536000000 | AZ66: 1870502880 | BA66: 3291500000 | BB66: 2038900000 | BC66: 3263000000 | BD66: 1782000000 | BE66: 569126771 | BF66: 1281000000 | BG66: 9993500000 | BH66: 5553432847 | BI66: 4553583768 | BJ66: 1231311513 | BK66: 21540000000 | BL66: 699700000 | BM66: 15520000000 | BN66: 14844189776 | BO66: 44880000000 | BP66: 22686300000 | BQ66: 18420000000 | BR66: 15080000000 | BS66: 29467300000 | BT66: 279200000 | BU66: 2404100000 | BV66: 7563000000 | BW66: 31205000000 | BX66: 27241300000 | BY66: 164780000000 | BZ66: 5158000000 | CA66: 110343000000 | CB66: 4579000000 | CC66: 7110000000 | CD66: 2112000000 | CE66: 3146791792 | CF66: 4644300000 | CG66: 676800000 | CH66: 729600000 | CI66: 16268000000 | CJ66: 7839581727
B67: 3 | C67: 680000000 | D67: 2399195706 | E67: 4896600000 | F67: 6922174214 | G67: 950539956 | H67: 4395496769 | I67: 865000000 | J67: 4399000000 | K67: 3940630285 | L67: 17185404011 | M67: 317764642 | N67: 356116114 | O67: 882723319 | P67: 526300000 | Q67: 1530400000 | R67: 1695455967 | S67: 1870822069 | T67: 5296879293 | U67: 547700000 | V67: 305100000 | W67: 1456424088 | X67: 926800000 | Y67: 11530061 | Z67: 86707880 | AA67: 1089113767 | AB67: 334716895 | AC67: 3768400000 | AD67: 1074213419 | AE67: 5470538844 | AF67: 5277280258 | AG67: 4480500831 | AH67: 757600000 | AI67: 4190500000 | AJ67: 905700000 | AK67: 5826000000 | AL67: 2608918016 | AM67: 12786898129 | AN67: 5817217321 | AO67: 2279260764 | AP67: 3791331214 | AQ67: 793337010 | AR67: 651929366 | AS67: 982300000 | AT67: 6625000000 | AU67: 1328200000 | AV67: 1767000000 | AW67: 10012700000 | AX67: 368689111 | AY67: 1432000000 | AZ67: 1924621043 | BA67: 3720600000 | BB67: 2016400000 | BC67: 3365000000 | BD67: 1791000000 | BE67: 576800000 | BF67: 1497000000 | BG67: 10607700000 | BH67: 5631215070 | BI67: 4432351343 | BJ67: 1303993667 | BK67: 23123000000 | BL67: 723300000 | BM67: 15200000000 | BN67: 15421941252 | BO67: 44580000000 | BP67: 23202900000 | BQ67: 19020000000 | BR67: 16040000000 | BS67: 27864900000 | BT67: 275000000 | BU67: 2627300000 | BV67: 7657000000 | BW67: 33369000000 | BX67: 26617300000 | BY67: 144860000000 | BZ67: 6219000000 | CA67: 115115000000 | CB67: 4475000000 | CC67: 6443000000 | CD67: 2634000000 | CE67: 3651666988 | CF67: 4803900000 | CG67: 499300000 | CH67: 600000000 | CI67: 16150000000 | CJ67: 8270347281
B68: 4 | C68: 808000000 | D68: 3012807691 | E68: 2920655401 | F68: 6234986642 | G68: 1354114058 | H68: 4421135048 | I68: 790500000 | J68: 4035000000 | K68: 4152741709 | L68: 18854809007 | M68: 357577157 | N68: 396699108 | O68: 938606586 | P68: 525800000 | Q68: 1592400000 | R68: 1755440078 | S68: 1912803722 | T68: 5481934518 | U68: 660700000 | V68: 307600000 | W68: 1673036996 | X68: 933100000 | Y68: 19327116 | Z68: 83378092 | AA68: 1084885219 | AB68: 348399509 | AC68: 4264100000 | AD68: 1243810218 | AE68: 6643505791 | AF68: 5606527959 | AG68: 4714400000 | AH68: 622500000 | AI68: 4648900000 | AJ68: 971700000 | AK68: 6375000000 | AL68: 2585206930 | AM68: 13577651596 | AN68: 5836091016 | AO68: 2298335370 | AP68: 4028328389 | AQ68: 810577657 | AR68: 601860752 | AS68: 1125400000 | AT68: 5224900000 | AU68: 1314000000 | AV68: 1861000000 | AW68: 12180300000 | AX68: 350968762 | AY68: 1484000000 | AZ68: 2144389054 | BA68: 3179700000 | BB68: 2338700000 | BC68: 3350000000 | BD68: 1860000000 | BE68: 553700000 | BF68: 1570000000 | BG68: 10605100000 | BH68: 5809940704 | BI68: 4894741952 | BJ68: 1237459465 | BK68: 21800000000 | BL68: 922300000 | BM68: 14650000000 | BN68: 15494871445 | BO68: 39740000000 | BP68: 23809900000 | BQ68: 19420000000 | BR68: 16470000000 | BS68: 27175500000 | BT68: 381600000 | BU68: 2417300000 | BV68: 7586000000 | BW68: 32517000000 | BX68: 27025700000 | BY68: 159770000000 | BZ68: 6868000000 | CA68: 108241000000 | CB68: 4461000000 | CC68: 6266000000 | CD68: 3227000000 | CE68: 3197746386 | CF68: 4860100000 | CG68: 533100000 | CH68: 566300000 | CI68: 15634000000 | CJ68: 8685710041
B69: 5 | C69: 781200000 | D69: 2694370603 | E69: 4391400000 | F69: 4907516261 | G69: 1266580924 | H69: 4772820453 | I69: 924500000 | J69: 4821000000 | K69: 4179969697 | L69: 20187726529 | M69: 455996228 | N69: 448740857 | O69: 904108915 | P69: 497200000 | Q69: 1704500000 | R69: 1868082212 | S69: 1906871500 | T69: 5576450474 | U69: 616000000 | V69: 276800000 | W69: 1511086330 | X69: 1068700000 | Y69: 17158578 | Z69: 82457552 | AA69: 1121924640 | AB69: 404708815 | AC69: 4237700000 | AD69: 1311149252 | AE69: 15442385220 | AF69: 5601475578 | AG69: 4653712981 | AH69: 999900000 | AI69: 4630100000 | AJ69: 1047300000 | AK69: 6100000000 | AL69: 2718237927 | AM69: 14085255487 | AN69: 5792273627 | AO69: 2313266178 | AP69: 4232162673 | AQ69: 806121534 | AR69: 699800602 | AS69: 1218000000 | AT69: 6342000000 | AU69: 1199700000 | AV69: 2061000000 | AW69: 12724500000 | AX69: 367916701 | AY69: 1093000000 | AZ69: 2188763291 | BA69: 3265000000 | BB69: 2208800000 | BC69: 3523000000 | BD69: 1962000000 | BE69: 642200000 | BF69: 1680000000 | BG69: 11182200000 | BH69: 5821442461 | BI69: 5559648245 | BJ69: 1272600554 | BK69: 25110000000 | BL69: 942000000 | BM69: 15650000000 | BN69: 16924601874 | BO69: 49130000000 | BP69: 26403500000 | BQ69: 19530000000 | BR69: 20620000000 | BS69: 29069900000 | BT69: 382300000 | BU69: 2910300000 | BV69: 8860000000 | BW69: 35019000000 | BX69: 30757600000 | BY69: 173650000000 | BZ69: 6191000000 | CA69: 115746000000 | CB69: 4554000000 | CC69: 7650000000 | CD69: 1727000000 | CE69: 3483986101 | CF69: 4938000000 | CG69: 616100000 | CH69: 675800000 | CI69: 18013000000 | CJ69: 8814427552
B70: 6 | C70: 788200000 | D70: 2458207821 | E70: 3855800000 | F70: 4778795542 | G70: 1219896557 | H70: 4584378454 | I70: 848700000 | J70: 4317000000 | K70: 4054695684 | L70: 19205462178 | M70: 382837378 | N70: 340615464 | O70: 881650954 | P70: 490000000 | Q70: 1502300000 | R70: 1660005010 | S70: 1940924212 | T70: 5836900250 | U70: 549900000 | V70: 299700000 | W70: 1603465050 | X70: 923200000 | Y70: 15946846 | Z70: 90232183 | AA70: 1036370921 | AB70: 436151537 | AC70: 3836300000 | AD70: 1195209051 | AE70: 5694311342 | AF70: 4855255053 | AG70: 3042322337 | AH70: 505400000 | AI70: 4439500000 | AJ70: 997500000 | AK70: 6093000000 | AL70: 2558922510 | AM70: 13261793662 | AN70: 5686514779 | AO70: 2246999142 | AP70: 3959615479 | AQ70: 740382812 | AR70: 647929637 | AS70: 1165700000 | AT70: 5229500000 | AU70: 1083100000 | AV70: 2039000000 | AW70: 12773200000 | AX70: 359008900 | AY70: 1131000000 | AZ70: 2121740699 | BA70: 3289500000 | BB70: 1996300000 | BC70: 3616000000 | BD70: 1729000000 | BE70: 559600000 | BF70: 1427000000 | BG70: 10342500000 | BH70: 4996910283 | BI70: 4760094566 | BJ70: 1283443277 | BK70: 23520000000 | BL70: 793300000 | BM70: 14040000000 | BN70: 16128741474 | BO70: 49710000000 | BP70: 24976500000 | BQ70: 20090000000 | BR70: 21810000000 | BS70: 27887800000 | BT70: 353700000 | BU70: 2716800000 | BV70: 8102000000 | BW70: 33384000000 | BX70: 28254300000 | BY70: 167070000000 | BZ70: 6031000000 | CA70: 105189000000 | CB70: 5314000000 | CC70: 5888000000 | CD70: 3896000000 | CE70: 3262316515 | CF70: 4860400000 | CG70: 647600000 | CH70: 603800000 | CI70: 16942000000 | CJ70: 8519223512
B71: 7 | C71: 699300000 | D71: 2815325699 | E71: 4117157786 | F71: 5217954409 | G71: 1230725554 | H71: 5223443125 | I71: 1430000000 | J71: 4779000000 | K71: 4645948727 | L71: 23619533612 | M71: 395425422 | N71: 428973142 | O71: 957800000 | P71: 570400000 | Q71: 1755300000 | R71: 1805801019 | S71: 2212163870 | T71: 6007626302 | U71: 643600000 | V71: 278900000 | W71: 1466556407 | X71: 951600000 | Y71: 17981987 | Z71: 97996659 | AA71: 1136523422 | AB71: 453762846 | AC71: 4494200000 | AD71: 1245721024 | AE71: 9231899758 | AF71: 5476209460 | AG71: 4051859132 | AH71: 773900000 | AI71: 5434900000 | AJ71: 1127300000 | AK71: 6945000000 | AL71: 2609829953 | AM71: 15332205372 | AN71: 6104233296 | AO71: 2404030994 | AP71: 4367119726 | AQ71: 847203676 | AR71: 608529501 | AS71: 1256100000 | AT71: 4535200000 | AU71: 1081600000 | AV71: 2487000000 | AW71: 13900100000 | AX71: 401817236 | AY71: 1219000000 | AZ71: 2412653486 | BA71: 3705200000 | BB71: 2216000000 | BC71: 3811000000 | BD71: 1712000000 | BE71: 665700000 | BF71: 1348000000 | BG71: 11435800000 | BH71: 6201228999 | BI71: 5338998026 | BJ71: 1425337139 | BK71: 26850000000 | BL71: 1088000000 | BM71: 15600000000 | BN71: 17784005024 | BO71: 77900000000 | BP71: 28054600000 | BQ71: 18190000000 | BR71: 29530000000 | BS71: 30558200000 | BT71: 316000000 | BU71: 3434700000 | BV71: 9026000000 | BW71: 37088000000 | BX71: 31459700000 | BY71: 199270000000 | BZ71: 7259000000 | CA71: 105125000000 | CB71: 6880000000 | CC71: 8440000000 | CD71: 1928000000 | CE71: 2199591359 | CF71: 5239600000 | CG71: 678600000 | CH71: 752600000 | CI71: 18105000000 | CJ71: 8717126345
B72: 8 | C72: 764300000 | D72: 2980757937 | E72: 4436829233 | F72: 5325400000 | G72: 1200948749 | H72: 4922016170 | I72: 906800000 | J72: 5088000000 | K72: 4547678034 | L72: 21301240915 | M72: 404530904 | N72: 422309371 | O72: 1054086283 | P72: 539600000 | Q72: 1876900000 | R72: 1988219336 | S72: 2359437771 | T72: 6580018725 | U72: 602700000 | V72: 337100000 | W72: 1582725963 | X72: 919500000 | Y72: 17106857 | Z72: 80640126 | AA72: 1140992858 | AB72: 662993194 | AC72: 4788100000 | AD72: 1417108591 | AE72: 8408733978 | AF72: 5963730818 | AG72: 4591700000 | AH72: 1173400000 | AI72: 4639600000 | AJ72: 1195500000 | AK72: 6715000000 | AL72: 3539585492 | AM72: 15503596295 | AN72: 7037789023 | AO72: 2633774203 | AP72: 4499476594 | AQ72: 855566894 | AR72: 722089467 | AS72: 1467300000 | AT72: 5362300000 | AU72: 1259200000 | AV72: 2430000000 | AW72: 13428200000 | AX72: 420645245 | AY72: 1327000000 | AZ72: 2331319076 | BA72: 4411300000 | BB72: 2536600000 | BC72: 3977000000 | BD72: 2171000000 | BE72: 712700000 | BF72: 1238000000 | BG72: 12040900000 | BH72: 4668121007 | BI72: 5466800000 | BJ72: 1519889948 | BK72: 27300000000 | BL72: 939500000 | BM72: 17990000000 | BN72: 19102525960 | BO72: 57790000000 | BP72: 28079100000 | BQ72: 30670000000 | BR72: 23900000000 | BS72: 32640500000 | BT72: 132700000 | BU72: 3068200000 | BV72: 8906000000 | BW72: 39670000000 | BX72: 34216100000 | BY72: 180980000000 | BZ72: 6499000000 | CA72: 126193000000 | CB72: 4161000000 | CC72: 8086000000 | CD72: 996700000 | CE72: 2241216650 | CF72: 5595100000 | CG72: 694300000 | CH72: 589400000 | CI72: 20070000000 | CJ72: 9444944506
B73: 9 | C73: 785400000 | D73: 2684641821 | E73: 4317063974 | F73: 5064077342 | G73: 1051766832 | H73: 5180624661 | I73: 841500000 | J73: 4477000000 | K73: 4732001646 | L73: 18075439320 | M73: 491153980 | N73: 332656430 | O73: 1089771278 | P73: 534400000 | Q73: 1735100000 | R73: 1892981040 | S73: 2369785738 | T73: 6162882958 | U73: 572900000 | V73: 303100000 | W73: 1588181268 | X73: 1020100000 | Y73: 17899861 | Z73: 96489971 | AA73: 1068741346 | AB73: 517645278 | AC73: 4420100000 | AD73: 1338259330 | AE73: 7800744472 | AF73: 6734620053 | AG73: 4995200000 | AH73: 1294800000 | AI73: 4782100000 | AJ73: 1090300000 | AK73: 6580000000 | AL73: 2727714085 | AM73: 14725801897 | AN73: 5998122089 | AO73: 2500944836 | AP73: 4753674072 | AQ73: 782164026 | AR73: 682089597 | AS73: 1203900000 | AT73: 6727000000 | AU73: 1088800000 | AV73: 2574000000 | AW73: 13807600000 | AX73: 380621472 | AY73: 1261000000 | AZ73: 1897074017 | BA73: 3790100000 | BB73: 2275700000 | BC73: 3781000000 | BD73: 1929000000 | BE73: 606600000 | BF73: 1094000000 | BG73: 11464300000 | BH73: 4478334263 | BI73: 5356400000 | BJ73: 1387967564 | BK73: 26780000000 | BL73: 886100000 | BM73: 16230000000 | BN73: 19441926616 | BO73: 64690000000 | BP73: 26400700000 | BQ73: 28130000000 | BR73: 27260000000 | BS73: 33777100000 | BT73: 417100000 | BU73: 2758800000 | BV73: 8227000000 | BW73: 37372000000 | BX73: 31559800000 | BY73: 181400000000 | BZ73: 5182000000 | CA73: 111385000000 | CB73: 8237000000 | CC73: 6342000000 | CD73: 708900000 | CE73: 2980297103 | CF73: 5384400000 | CG73: 629200000 | CH73: 532100000 | CI73: 18674000000 | CJ73: 9153808535
B74: 10 | C74: 901800000 | D74: 3083466514 | E74: 4115788598 | F74: 5618200000 | G74: 1181213279 | H74: 5183695744 | I74: 1070000000 | J74: 4943000000 | K74: 5035716024 | L74: 21369789509 | M74: 759631642 | N74: 415759869 | O74: 1289200000 | P74: 624700000 | Q74: 1892000000 | R74: 2114381748 | S74: 2712130473 | T74: 6852389568 | U74: 585400000 | V74: 296600000 | W74: 1606258182 | X74: 1152900000 | Y74: 13665498 | Z74: 90324751 | AA74: 1098321602 | AB74: 539929275 | AC74: 4795600000 | AD74: 1236629231 | AE74: 8652575365 | AF74: 6415043317 | AG74: 5444300000 | AH74: 1462400000 | AI74: 5379400000 | AJ74: 1142700000 | AK74: 7012000000 | AL74: 2510924279 | AM74: 16246015967 | AN74: 6885529589 | AO74: 2834803683 | AP74: 4815683683 | AQ74: 861304199 | AR74: 706469970 | AS74: 1375300000 | AT74: 6839000000 | AU74: 1153300000 | AV74: 2745000000 | AW74: 13588500000 | AX74: 447535531 | AY74: 1362000000 | AZ74: 2249491488 | BA74: 4487600000 | BB74: 2568100000 | BC74: 4390000000 | BD74: 2093000000 | BE74: 808600000 | BF74: 1450000000 | BG74: 12982400000 | BH74: 4683895615 | BI74: 6178538529 | BJ74: 1607577012 | BK74: 28400000000 | BL74: 1194000000 | BM74: 18600000000 | BN74: 20994547079 | BO74: 86640000000 | BP74: 31329600000 | BQ74: 35580000000 | BR74: 22960000000 | BS74: 37865500000 | BT74: 565200000 | BU74: 3294400000 | BV74: 8840000000 | BW74: 42510000000 | BX74: 37388000000 | BY74: 225100000000 | BZ74: 6481000000 | CA74: 134981000000 | CB74: 7169000000 | CC74: 8558000000 | CD74: 1209000000 | CE74: 3467673254 | CF74: 6013500000 | CG74: 715400000 | CH74: 671800000 | CI74: 21523000000 | CJ74: 9992495726
B75: 11 | C75: 727700000 | D75: 2947003403 | E75: 5401400000 | F75: 5714368260 | G75: 1156658360 | H75: 5087266406 | I75: 1159000000 | J75: 5201000000 | K75: 5394960451 | L75: 18566207810 | M75: 639039787 | N75: 381996381 | O75: 1058400000 | P75: 617600000 | Q75: 1993100000 | R75: 2090622165 | S75: 3522767547 | T75: 6932418365 | U75: 667900000 | V75: 322000000 | W75: 1760210907 | X75: 1442600000 | Y75: 21414780 | Z75: 79482412 | AA75: 1118966058 | AB75: 601748035 | AC75: 4747300000 | AD75: 1217943391 | AE75: 7016673993 | AF75: 6050075966 | AG75: 4904100000 | AH75: 1385700000 | AI75: 5926900000 | AJ75: 1043600000 | AK75: 6665000000 | AL75: 2379698615 | AM75: 15089701125 | AN75: 6610456414 | AO75: 2847028794 | AP75: 4853947617 | AQ75: 747881759 | AR75: 681260819 | AS75: 1234800000 | AT75: 7413000000 | AU75: 1168600000 | AV75: 2655000000 | AW75: 12746800000 | AX75: 380179454 | AY75: 1220000000 | AZ75: 2239611280 | BA75: 4040500000 | BB75: 3068500000 | BC75: 3883000000 | BD75: 2174000000 | BE75: 687500000 | BF75: 1501000000 | BG75: 12440800000 | BH75: 4422054258 | BI75: 6219900000 | BJ75: 1709648733 | BK75: 26420000000 | BL75: 1032000000 | BM75: 16330000000 | BN75: 19682921610 | BO75: 79330000000 | BP75: 27987500000 | BQ75: 26060000000 | BR75: 22160000000 | BS75: 33913500000 | BT75: 480700000 | BU75: 2999600000 | BV75: 9433000000 | BW75: 39050000000 | BX75: 34412600000 | BY75: 197890000000 | BZ75: 5775000000 | CA75: 121487000000 | CB75: 7694000000 | CC75: 8185000000 | CD75: 2034000000 | CE75: 3340914575 | CF75: 5505000000 | CG75: 829400000 | CH75: 642000000 | CI75: 21387000000 | CJ75: 10071361855
B76: 12 | C76: 757300000 | D76: 2863235926 | E76: 4732051085 | F76: 6289619240 | G76: 1171944296 | H76: 5382306295 | I76: 1388000000 | J76: 4561000000 | K76: 4889075708 | L76: 19516269055 | M76: 442117769 | N76: 291273010 | O76: 953500000 | P76: 518400000 | Q76: 2131300000 | R76: 2052836704 | S76: 3946022049 | T76: 7662138880 | U76: 730100000 | V76: 336300000 | W76: 2003453788 | X76: 1847600000 | Y76: 28451869 | Z76: 72688857 | AA76: 1194849803 | AB76: 610728159 | AC76: 4474200000 | AD76: 1300751761 | AE76: 6257232408 | AF76: 6753321685 | AG76: 5152600000 | AH76: 1666900000 | AI76: 5073100000 | AJ76: 1013300000 | AK76: 7085000000 | AL76: 2444911706 | AM76: 14470415289 | AN76: 6268985002 | AO76: 2499688756 | AP76: 4369239033 | AQ76: 816196938 | AR76: 671110431 | AS76: 1329900000 | AT76: 7847000000 | AU76: 1642900000 | AV76: 2697000000 | AW76: 14309500000 | AX76: 456100000 | AY76: 1169000000 | AZ76: 2418284653 | BA76: 3811100000 | BB76: 2518100000 | BC76: 3912000000 | BD76: 2179000000 | BE76: 743400000 | BF76: 1491000000 | BG76: 12159800000 | BH76: 4832420517 | BI76: 5685941616 | BJ76: 1491959646 | BK76: 27830000000 | BL76: 1045000000 | BM76: 16840000000 | BN76: 19237353564 | BO76: 72670000000 | BP76: 29339200000 | BQ76: 23550000000 | BR76: 22590000000 | BS76: 36489400000 | BT76: 437100000 | BU76: 3357100000 | BV76: 9385000000 | BW76: 39260000000 | BX76: 36599800000 | BY76: 186670000000 | BZ76: 5301000000 | CA76: 106823000000 | CB76: 8605000000 | CC76: 7987000000 | CD76: 1789000000 | CE76: 4112084434 | CF76: 5938300000 | CG76: 858800000 | CH76: 638500000 | CI76: 22341000000 | CJ76: 9833685747
A77: 2025 | B77: 1 | C77: 862000000 | D77: 2788788295 | E77: 4889400000 | F77: 5707209224 | G77: 1341470028 | H77: 5009665260 | I77: 1464000000 | J77: 4275000000 | K77: 4913108026 | L77: 20093693800 | M77: 307723843 | N77: 394684970 | O77: 734440291 | P77: 448800000 | Q77: 1606100000 | R77: 1805370157 | S77: 1876973699 | T77: 4949633046 | U77: 470200000 | V77: 258100000 | W77: 1058072714 | X77: 1041000000 | Y77: 23671195 | Z77: 100600000 | AA77: 1010731381 | AB77: 476470885 | AC77: 4090800000 | AD77: 1192340057 | AE77: 6988755593 | AF77: 6127480592 | AG77: 5258189157 | AH77: 1320500000 | AI77: 4386000000 | AJ77: 1091500000 | AK77: 5843000000 | AL77: 2529468291 | AM77: 13543500705 | AN77: 5707323744 | AO77: 2322126575 | AP77: 4133146981 | AQ77: 705454897 | AR77: 602555542 | AS77: 1128500000 | AT77: 7559000000 | AU77: 1885700000 | AV77: 2319000000 | AW77: 14029900000 | AX77: 416000000 | AY77: 1256000000 | AZ77: 2155058842 | BA77: 3627500000 | BB77: 2163200000 | BC77: 3435000000 | BD77: 1737000000 | BE77: 629000000 | BF77: 1475000000 | BG77: 10262900000 | BH77: 4396317470 | BI77: 5367453135 | BJ77: 1396413923 | BK77: 18764000000 | BL77: 932900000 | BM77: 15470000000 | BN77: 15652291759 | BO77: 90620000000 | BP77: 26295300000 | BQ77: 16730000000 | BR77: 20140000000 | BS77: 28252400000 | BT77: 400300000 | BU77: 2573400000 | BV77: 6901000000 | BW77: 32477000000 | BX77: 30534100000 | BY77: 150940000000 | BZ77: 4062000000 | CA77: 98125000000 | CB77: 7321000000 | CC77: 5421000000 | CD77: 1721000000 | CE77: 2270576515 | CF77: 4332300000 | CG77: 653400000 | CH77: 443900000 | CI77: 16873000000 | CJ77: 7926992960
B78: 2 | C78: 792900000 | D78: 2743589964 | E78: 5644600000 | F78: 7047854212 | G78: 1403150835 | H78: 4925375676 | I78: 1814000000 | J78: 5251000000 | K78: 4966511241 | L78: 19882434802 | M78: 574289519 | N78: 441274871 | O78: 899071709 | P78: 491900000 | Q78: 1736600000 | R78: 2057556989 | S78: 1687603262 | T78: 5613974416 | U78: 609800000 | V78: 278000000 | W78: 1444013236 | X78: 1058700000 | Y78: 24779789 | Z78: 84084379 | AA78: 1115303573 | AB78: 468787663 | AC78: 4604700000 | AD78: 1162955076 | AE78: 8851221073 | AF78: 6813026377 | AG78: 4605100000 | AH78: 1236200000 | AI78: 4301400000 | AJ78: 1136600000 | AK78: 6421000000 | AL78: 2674143258 | AM78: 15012558092 | AN78: 6819200078 | AO78: 2543818598 | AP78: 4190186758 | AQ78: 752858472 | AR78: 673209396 | AS78: 1319000000 | AT78: 7745000000 | AU78: 1462900000 | AV78: 2933000000 | AW78: 12573000000 | AX78: 436600000 | AY78: 1187000000 | AZ78: 2216942315 | BA78: 3716800000 | BB78: 2647000000 | BC78: 3904000000 | BD78: 1906000000 | BE78: 685000000 | BF78: 1112000000 | BG78: 12109100000 | BH78: 5207978899 | BI78: 5453100000 | BJ78: 1280744446 | BK78: 28200000000 | BL78: 964300000 | BM78: 17110000000 | BN78: 18939161288 | BO78: 82760000000 | BP78: 27999800000 | BQ78: 22170000000 | BR78: 24550000000 | BS78: 33693700000 | BT78: 359300000 | BU78: 2878800000 | BV78: 8551000000 | BW78: 39355000000 | BX78: 32966000000 | BY78: 161590000000 | BZ78: 5749000000 | CA78: 117237000000 | CB78: 6227000000 | CC78: 7294000000 | CD78: 1226000000 | CE78: 3257564804 | CF78: 5498400000 | CG78: 659500000 | CH78: 580500000 | CI78: 21046000000 | CJ78: 9403220964
B79: 3 | C79: 1020000000 | D79: 3278379561 | E79: 4939200000 | F79: 7818076693 | G79: 1487718999 | H79: 5324308938 | I79: 1146000000 | J79: 4787000000 | K79: 5201324061 | L79: 19552344511 | M79: 484309633 | N79: 418244161 | O79: 930632180 | P79: 503600000 | Q79: 1800400000 | R79: 2085695422 | S79: 1723621125 | T79: 5663106007 | U79: 685100000 | V79: 322100000 | W79: 1586105361 | X79: 1114100000 | Y79: 19055209 | Z79: 98617397 | AA79: 1069152979 | AB79: 398154487 | AC79: 4471200000 | AD79: 1254092468 | AE79: 8253189610 | AF79: 7056267982 | AG79: 5005500000 | AH79: 1046900000 | AI79: 4887200000 | AJ79: 1066400000 | AK79: 7184000000 | AL79: 3024893747 | AM79: 15911166590 | AN79: 6822002861 | AO79: 2873957541 | AP79: 4643409810 | AQ79: 772820553 | AR79: 761380000 | AS79: 1272200000 | AT79: 7563000000 | AU79: 1534100000 | AV79: 2932000000 | AW79: 14718200000 | AX79: 464385866 | AY79: 1292000000 | AZ79: 2497865428 | BA79: 3728500000 | BB79: 2784600000 | BC79: 4068000000 | BD79: 1970000000 | BE79: 738800000 | BF79: 1356000000 | BG79: 12460900000 | BH79: 5490443264 | BI79: 5360732114 | BJ79: 1590134202 | BK79: 30990000000 | BL79: 1013000000 | BM79: 18750000000 | BN79: 18402718844 | BO79: 112800000000 | BP79: 29816100000 | BQ79: 19570000000 | BR79: 26180000000 | BS79: 36646000000 | BT79: 355200000 | BU79: 3066600000 | BV79: 9305000000 | BW79: 39760000000 | BX79: 34078600000 | BY79: 209250000000 | BZ79: 6701000000 | CA79: 125040000000 | CB79: 11070000000 | CC79: 6610000000 | CD79: 1548000000 | CE79: 3300624111 | CF79: 5184000000 | CG79: 665900000 | CH79: 575000000 | CI79: 21349000000 | CJ79: 10091589603
B80: 4 | C80: 998300000 | D80: 2971818119 | E80: 5024342744 | F80: 6285883322 | G80: 1061938663 | H80: 5066868614 | I80: 784400000 | J80: 4379000000 | K80: 4990310671 | L80: 18669291327 | M80: 570725804 | N80: 381097199 | O80: 811900000 | P80: 443500000 | Q80: 1822500000 | R80: 2177323132 | S80: 1912206927 | T80: 5367972158 | U80: 636200000 | V80: 273100000 | W80: 1131033611 | X80: 961900000 | Y80: 14187380 | Z80: 95841113 | AA80: 1132419963 | AB80: 437937489 | AC80: 4482400000 | AD80: 1115057778 | AE80: 9335079192 | AF80: 6433447272 | AG80: 4914600000 | AH80: 936200000 | AI80: 5635000000 | AJ80: 1053000000 | AK80: 6906000000 | AL80: 2678350522 | AM80: 15797229247 | AN80: 6957975319 | AO80: 2501506298 | AP80: 4815215875 | AQ80: 798810266 | AR80: 716411635 | AS80: 1313600000 | AT80: 6301000000 | AU80: 1041300000 | AV80: 2711000000 | AW80: 14235100000 | AX80: 457300000 | AY80: 1155000000 | AZ80: 2700260985 | BA80: 3738900000 | BB80: 2568600000 | BC80: 4472000000 | BD80: 2131000000 | BE80: 679700000 | BF80: 872200000 | BG80: 12507000000 | BH80: 5715580868 | BI80: 6245000000 | BJ80: 1915071312 | BK80: 32440000000 | BL80: 1017000000 | BM80: 18690000000 | BN80: 21335796911 | BO80: 114800000000 | BP80: 32837900000 | BQ80: 18220000000 | BR80: 26380000000 | BS80: 38199100000 | BT80: 408000000 | BU80: 3460500000 | BV80: 9585000000 | BW80: 42540000000 | BX80: 37414600000 | BY80: 165860000000 | BZ80: 6170000000 | CA80: 127373000000 | CB80: 9470000000 | CC80: 6217000000 | CD80: 2111000000 | CE80: 4109538367 | CF80: 5290200000 | CG80: 705200000 | CH80: 660300000 | CI80: 22362000000 | CJ80: 10881460862
B81: 5 | C81: 841200000 | D81: 2903877920 | E81: 6013400000 | F81: 5727053762 | G81: 1420452219 | H81: 5189993487 | I81: 874100000 | J81: 4306000000 | K81: 4685410892 | L81: 20423050793 | M81: 589701047 | N81: 366739354 | O81: 785579231 | P81: 453900000 | Q81: 1803600000 | R81: 1974305501 | S81: 2138983505 | T81: 5742402836 | U81: 628200000 | V81: 280100000 | W81: 1513641408 | X81: 1109100000 | Y81: 19674849 | Z81: 93517499 | AA81: 1041236380 | AB81: 464325251 | AC81: 4527700000 | AD81: 1071870352 | AE81: 11932193993 | AF81: 6823901512 | AG81: 4816400000 | AH81: 888300000 | AI81: 4288300000 | AJ81: 1072800000 | AK81: 6190000000 | AL81: 2639608249 | AM81: 14920546002 | AN81: 6578290451 | AO81: 2719396071 | AP81: 4474474423 | AQ81: 782767701 | AR81: 720636425 | AS81: 1226500000 | AT81: 5484000000 | AU81: 1251800000 | AV81: 2481000000 | AW81: 14120300000 | AX81: 435600000 | AY81: 1002000000 | AZ81: 2265917645 | BA81: 3212500000 | BB81: 2483900000 | BC81: 3962000000 | BD81: 1822000000 | BE81: 681400000 | BF81: 2053000000 | BG81: 11684100000 | BH81: 5308495820 | BI81: 6505554632 | BJ81: 1582086008 | BK81: 29720000000 | BL81: 972400000 | BM81: 18210000000 | BN81: 19046800000 | BO81: 131600000000 | BP81: 28571300000 | BQ81: 20060000000 | BR81: 24220000000 | BS81: 33774200000 | BT81: 321600000 | BU81: 3660600000 | BV81: 7955000000 | BW81: 38490000000 | BX81: 35520000000 | BY81: 184110000000 | BZ81: 5019000000 | CA81: 119549000000 | CB81: 9983000000 | CC81: 5044000000 | CD81: 2647000000 | CE81: 2158488593 | CF81: 4857000000 | CG81: 755900000 | CH81: 729300000 | CI81: 22189000000 | CJ81: 9773858431
B82: 6 | C82: 805800000 | D82: 2772340661 | E82: 4227000000 | F82: 4997205967 | G82: 908705972 | H82: 4981315523 | I82: 1691000000 | J82: 4433000000 | K82: 4434774839 | L82: 21774846188 | M82: 747772552 | N82: 296071472 | O82: 796000000 | P82: 446760559 | Q82: 1586400000 | R82: 1905171673 | S82: 1697678649 | T82: 5351377442 | U82: 552300000 | V82: 242600000 | W82: 1288621365 | X82: 894700000 | Y82: 16070771 | Z82: 86397465 | AA82: 1084443131 | AB82: 401126944 | AC82: 4464500000 | AD82: 1014922112 | AE82: 7535230301 | AF82: 5419027397 | AG82: 3951500000 | AH82: 875700000 | AI82: 4311900000 | AJ82: 1053200000 | AK82: 6954000000 | AL82: 2335099084 | AM82: 14646291031 | AN82: 6246308784 | AO82: 2440013675 | AP82: 4249459421 | AQ82: 740455378 | AR82: 673247912 | AS82: 1188600000 | AT82: 5263000000 | AU82: 862400000 | AV82: 2448000000 | AW82: 12720600000 | AX82: 391050946 | AY82: 1180000000 | AZ82: 2386420743 | BA82: 3349700000 | BB82: 2307400000 | BC82: 3910000000 | BD82: 1735000000 | BE82: 597400000 | BF82: 347800000 | BG82: 10911200000 | BH82: 4782350161 | BI82: 6062983688 | BJ82: 1680179112 | BK82: 29950000000 | BL82: 1060000000 | BM82: 17960000000 | BN82: 18084672233 | BO82: 114000000000 | BP82: 31356800000 | BQ82: 18710000000 | BR82: 20680000000 | BS82: 35095800000 | BT82: 369400000 | BU82: 3079800000 | BV82: 7976000000 | BW82: 39160000000 | BX82: 34131300000 | BY82: 187360000000 | BZ82: 5586000000 | CA82: 112781000000 | CB82: 10320000000 | CC82: 5498000000 | CD82: 2124000000 | CE82: 2129663991 | CF82: 4909900000 | CG82: 741600000 | CH82: 600600000 | CI82: 22919000000 | CJ82: 9573600027
B83: 7 | C83: 964400000 | D83: 3060129773 | E83: 5248600000 | F83: 5219700000 | G83: 1086817046 | H83: 5749960989 | I83: 1164000000 | J83: 4349000000 | K83: 5371123174 | L83: 21479428834 | M83: 640878114 | N83: 449276127 | O83: 868300000 | P83: 484200000 | Q83: 1678100000 | R83: 2062790997 | S83: 1677710882 | T83: 5670940127 | U83: 658500000 | V83: 316700000 | W83: 1708462961 | X83: 1013300000 | Y83: 16315004 | Z83: 101200000 | AA83: 1075726995 | AB83: 552239104 | AC83: 4731300000 | AD83: 1133497295 | AE83: 7572680746 | AF83: 6137300000 | AG83: 4364745266 | AH83: 1377900000 | AI83: 4693300000 | AJ83: 1107400000 | AK83: 7186000000 | AL83: 2764689458 | AM83: 15542471753 | AN83: 6805243621 | AO83: 2552678197 | AP83: 4256645628 | AQ83: 696585075 | AR83: 664497601 | AS83: 1223600000 | AT83: 5548000000 | AU83: 977000000 | AV83: 2815000000 | AW83: 14267100000 | AX83: 435600000 | AY83: 1196000000 | AZ83: 2645549057 | BA83: 3516900000 | BB83: 2441700000 | BC83: 4166000000 | BD83: 1702000000 | BE83: 611200000 | BF83: 543900000 | BG83: 11226800000 | BH83: 4660822500 | BI83: 6643808319 | BJ83: 1838098334 | BK83: 31420000000 | BL83: 1067000000 | BM83: 16870000000 | BN83: 17950692644 | BO83: 129700000000 | BP83: 36773600000 | BQ83: 20550000000 | BR83: 24210000000 | BS83: 35827800000 | BT83: 477900000 | BU83: 3195800000 | BV83: 8400000000 | BW83: 40850000000 | BX83: 37358900000 | BY83: 173860000000 | BZ83: 5773000000 | CA83: 115079000000 | CB83: 10240000000 | CC83: 6560000000 | CD83: 3642000000 | CE83: 2692841179 | CF83: 5324300000 | CG83: 753000000 | CH83: 581500000 | CI83: 22971000000 | CJ83: 9721339811
B84: 8 | C84: 731700000 | D84: 2581186969 | E84: 4821200000 | F84: 4514804377 | G84: 1011277704 | H84: 5566115699 | I84: 1064000000 | J84: 4614000000 | K84: 4336529051 | L84: 18032906843 | M84: 667801284 | N84: 366930096 | O84: 713000000 | P84: 465848074 | Q84: 1517900000 | R84: 1852017640 | S84: 1741202318 | T84: 5185343396 | U84: 599500000 | V84: 203900000 | W84: 1338819097 | X84: 881200000 | Y84: 12521580 | Z84: 72664663 | AA84: 936061315 | AB84: 474267812 | AC84: 4270900000 | AD84: 1076016940 | AE84: 7355086273 | AF84: 5324374937 | AG84: 4057024526 | AH84: 1570100000 | AI84: 4137500000 | AJ84: 969200000 | AK84: 6532000000 | AL84: 2397945651 | AM84: 14117005104 | AN84: 6483098639 | AO84: 2503658083 | AP84: 4093120103 | AQ84: 635244253 | AR84: 702001894 | AS84: 964800000 | AT84: 5700500000 | AU84: 853300000 | AV84: 2277000000 | AW84: 12407200000 | AX84: 358970247 | AY84: 1164000000 | AZ84: 2130618878 | BA84: 3379900000 | BB84: 2466400000 | BC84: 3713000000 | BD84: 1774000000 | BE84: 607200000 | BF84: 400300000 | BG84: 10650500000 | BH84: 3857135281 | BI84: 6592500000 | BJ84: 1864543566 | BK84: 28460000000 | BL84: 876200000 | BM84: 17390000000 | BN84: 17099500000 | BO84: 141300000000 | BP84: 35444800000 | BQ84: 24710000000 | BR84: 30600000000 | BS84: 34880000000 | BT84: 375600000 | BU84: 3223200000 | BV84: 7855000000 | BW84: 37858000000 | BX84: 32521300000 | BY84: 172250000000 | BZ84: 5943000000 | CA84: 119467000000 | CB84: 10120000000 | CC84: 5471000000 | CD84: 1078000000 | CE84: 2429977712 | CF84: 4636400000 | CG84: 621200000 | CH84: 602200000 | CI84: 21835000000 | CJ84: 9542491350
B85: 9 | C85: 636900751 | D85: 2790479327 | E85: 4193887939 | F85: 4367915439 | G85: 871100586 | H85: 5779276886 | I85: 1134456435 | J85: 4407111496 | K85: 4726319240 | L85: 17154909438 | M85: 811532929 | N85: 322598948 | O85: 669857422 | P85: 446896706 | Q85: 1564138763 | R85: 1860281242 | S85: 1517942593 | T85: 4901993912 | U85: 594837355 | V85: 240817066 | W85: 1484361584 | X85: 927110601 | Y85: 19006242 | Z85: 92673326 | AA85: 976756226 | AB85: 373947521 | AC85: 4065953350 | AD85: 1074986838 | AE85: 6156742858 | AF85: 5749236229 | AG85: 4056896259 | AH85: 755821360 | AI85: 4422225472 | AJ85: 1086191311 | AK85: 6423495185 | AL85: 2491835215 | AM85: 14405713033 | AN85: 6192886309 | AO85: 2424574376 | AP85: 4121083327 | AQ85: 716961724 | AR85: 540063558 | AS85: 960157676 | AT85: 5062703747 | AU85: 824987145 | AV85: 2296385941 | AW85: 16130146038 | AX85: 356098751 | AY85: 1229830944 | AZ85: 2023366585 | BA85: 3460460066 | BB85: 2490141034 | BC85: 3836995827 | BD85: 1760110583 | BE85: 903129921 | BF85: 571640581 | BG85: 10651622316 | BH85: 4040968214 | BI85: 6211251661 | BJ85: 1636571485 | BK85: 24456154817 | BL85: 1047222554 | BM85: 17346192650 | BN85: 16016645627 | BO85: 150520649239 | BP85: 34246459872 | BQ85: 26535053141 | BR85: 44005829153 | BS85: 34008200126 | BT85: 589063773 | BU85: 2479402877 | BV85: 7510722018 | BW85: 37990280653 | BX85: 33996907829 | BY85: 160614227948 | BZ85: 5241273025 | CA85: 113300702091 | CB85: 11739753951 | CC85: 5035283580 | CD85: 1023894502 | CE85: 2898524401 | CF85: 4716725210 | CG85: 631724700 | CH85: 513860577 | CI85: 19907913173 | CJ85: 9731960206
B86: 10 | C86: 702072920 | D86: 3003656184 | E86: 4642547082 | F86: 5103274742 | G86: 896658815 | H86: 6354750127 | I86: 1390233337 | J86: 4879988333 | K86: 5053450124 | L86: 19138919031 | M86: 868178407 | N86: 320442604 | O86: 861564768 | P86: 496203404 | Q86: 1741412202 | R86: 2122922183 | S86: 2551508851 | T86: 5503388795 | U86: 813063678 | V86: 249629277 | W86: 1583823191 | X86: 1111528353 | Y86: 22562330 | Z86: 80757109 | AA86: 1047453279 | AB86: 535582782 | AC86: 4616933260 | AD86: 1556105739 | AE86: 7159853833 | AF86: 6159185922 | AG86: 4367368073 | AH86: 1570022011 | AI86: 5402941406 | AJ86: 1102769100 | AK86: 7047955161 | AL86: 2415835725 | AM86: 16080446971 | AN86: 7166205303 | AO86: 2563887096 | AP86: 4418775639 | AQ86: 711235281 | AR86: 522788269 | AS86: 1105528373 | AT86: 5327362321 | AU86: 1024253530 | AV86: 2659887013 | AW86: 16046971536 | AX86: 418279324 | AY86: 1229653177 | AZ86: 2289400588 | BA86: 4904123789 | BB86: 2693890701 | BC86: 4198425712 | BD86: 1823107378 | BE86: 599994974 | BF86: 336035730 | BG86: 11981896378 | BH86: 4814456537 | BI86: 6954514354 | BJ86: 1975739432 | BK86: 27975021727 | BL86: 1011746936 | BM86: 18582439138 | BN86: 17845287172 | BO86: 239049523626 | BP86: 36756000579 | BQ86: 35600352696 | BR86: 47273198659 | BS86: 37605847132 | BT86: 497731532 | BU86: 3117763621 | BV86: 8636066164 | BW86: 41922240624 | BX86: 37523727924 | BY86: 160488727870 | BZ86: 6688042176 | CA86: 125019471368 | CB86: 10850752469 | CC86: 4606126939 | CD86: 2223275285 | CE86: 3265898804 | CF86: 5197228999 | CG86: 744317765 | CH86: 627430573 | CI86: 24457416579 | CJ86: 10758666369
B87: 11 | C87: 670121821 | D87: 2412093070 | E87: 3523595198 | F87: 4601481190 | G87: 945637121 | H87: 5879107601 | I87: 988296234 | J87: 4296710347 | K87: 4204087902 | L87: 15290086707 | M87: 723123475 | N87: 271519673 | O87: 628031974 | P87: 384726018 | Q87: 1634545030 | R87: 1809853152 | S87: 2202641280 | T87: 4375794051 | U87: 556237659 | V87: 251956499 | W87: 1312716220 | X87: 1049129913 | Y87: 19576981 | Z87: 67635347 | AA87: 897061800 | AB87: 425497734 | AC87: 3750289978 | AD87: 1148621895 | AE87: 7553228084 | AF87: 5005416924 | AG87: 3593762377 | AH87: 737920874 | AI87: 4264346736 | AJ87: 858266658 | AK87: 5671569023 | AL87: 1985617745 | AM87: 13960332183 | AN87: 5957386326 | AO87: 1985906715 | AP87: 3749816173 | AQ87: 585690961 | AR87: 484749377 | AS87: 1002821758 | AT87: 4778422848 | AU87: 811960177 | AV87: 2231107902 | AW87: 14697474238 | AX87: 370120433 | AY87: 1048568682 | AZ87: 1775675914 | BA87: 3427818327 | BB87: 2036491822 | BC87: 3339092647 | BD87: 1518183589 | BE87: 494267062 | BF87: 272486561 | BG87: 9703944155 | BH87: 4178477249 | BI87: 5980114584 | BJ87: 1649856919 | BK87: 21972662922 | BL87: 744652643 | BM87: 16001091584 | BN87: 15144700803 | BO87: 186348616393 | BP87: 34026716496 | BQ87: 28681762680 | BR87: 24572954352 | BS87: 29544545631 | BT87: 318547512 | BU87: 2356944293 | BV87: 7133700059 | BW87: 35187548155 | BX87: 31902227254 | BY87: 1.7593774e+11 | BZ87: 5600753153 | CA87: 103077779000 | CB87: 8667901459 | CC87: 4295874218 | CD87: 1791724386 | CE87: 3230060501 | CF87: 4285788626 | CG87: 692671406 | CH87: 505483088 | CI87: 19228327516 | CJ87: 8999668115
B88: 12 | C88: 778414451 | D88: 3076446859 | E88: 4201182894 | F88: 5416576367 | G88: 1073517110 | H88: 6081114539 | I88: 1212706321 | J88: 4927101009 | K88: 4778254863 | L88: 16336534266 | M88: 619239931 | N88: 240426282 | O88: 663053618 | P88: 418813213 | Q88: 1795241990 | R88: 1940633175 | S88: 2856894999 | T88: 5402310393 | U88: 716341231 | V88: 251456152 | W88: 1427205192 | X88: 1446151695 | Y88: 27456062 | Z88: 101586360 | AA88: 1074490120 | AB88: 445367134 | AC88: 3970308027 | AD88: 1092607909 | AE88: 10123233200 | AF88: 5839788803 | AG88: 3754538050 | AH88: 1515893396 | AI88: 4633958569 | AJ88: 867910750 | AK88: 6741428354 | AL88: 2450287780 | AM88: 14419908587 | AN88: 5955966748 | AO88: 2492959712 | AP88: 4191391445 | AQ88: 657112625 | AR88: 533504299 | AS88: 1124448523 | AT88: 6389982617 | AU88: 752209746 | AV88: 2645213989 | AW88: 22596119036 | AX88: 400050171 | AY88: 1236469084 | AZ88: 2209081874 | BA88: 3988646212 | BB88: 2210255470 | BC88: 3550088807 | BD88: 1747628296 | BE88: 608146540 | BF88: 246096914 | BG88: 10627690101 | BH88: 5143141415 | BI88: 6760667350 | BJ88: 1953627512 | BK88: 22597934263 | BL88: 883272734 | BM88: 15967939267 | BN88: 16597784206 | BO88: 177357368075 | BP88: 37219008262 | BQ88: 26111203921 | BR88: 38548246546 | BS88: 34378718961 | BT88: 379609369 | BU88: 2699726938 | BV88: 7664187026 | BW88: 36929386633 | BX88: 36552791216 | BY88: 158012075495 | BZ88: 5026156681 | CA88: 103954979681 | CB88: 13620840030 | CC88: 5090468715 | CD88: 2657667375 | CE88: 3923991069 | CF88: 5036526447 | CG88: 787275961 | CH88: 518509834 | CI88: 20936287626 | CJ88: 11208395555
A89: 2026 | B89: 1 | C89: 764850525 | D89: 2171973335 | E89: 3340963678 | F89: 4049995431 | G89: 634997298 | H89: 5360438075 | I89: 957022589 | J89: 3699239155 | K89: 4143434548 | L89: 14554787652 | M89: 476651576 | N89: 248277915 | O89: 559302274 | P89: 354335967 | Q89: 1416146110 | R89: 1366134114 | S89: 1527334175 | T89: 3384213095 | U89: 458342083 | V89: 190583459 | W89: 880943724 | X89: 683916610 | Y89: 13576417 | Z89: 74419787 | AA89: 796898447 | AB89: 382453232 | AC89: 3659202665 | AD89: 947609200 | AE89: 6580418364 | AF89: 5273871132 | AG89: 3600331363 | AH89: 967190353 | AI89: 3390086898 | AJ89: 807395434 | AK89: 5090568627 | AL89: 2017149485 | AM89: 11287058080 | AN89: 5143024588 | AO89: 1630302467 | AP89: 3244006415 | AQ89: 587103185 | AR89: 478659512 | AS89: 859855646 | AT89: 4904704933 | AU89: 616816090 | AV89: 2405570440 | AW89: 18790749697 | AX89: 302351669 | AY89: 1093323418 | AZ89: 1685936322 | BA89: 3090719574 | BB89: 1790981950 | BC89: 2612386790 | BD89: 1127354617 | BE89: 447047728 | BF89: 201653438 | BG89: 7627118078 | BH89: 3599988659 | BI89: 4453053212 | BJ89: 1298005909 | BK89: 15486339858 | BL89: 709046656 | BM89: 13524396379 | BN89: 10525447112 | BO89: 170087874472 | BP89: 27433261032 | BQ89: 16711691061 | BR89: 19830900604 | BS89: 24671157712 | BT89: 271602082 | BU89: 1863202593 | BV89: 5080830401 | BW89: 26708138671 | BX89: 25053879097 | BY89: 110641511035 | BZ89: 3515393138 | CA89: 79207206074 | CB89: 9763759596 | CC89: 2287197927 | CD89: 1339147011 | CE89: 1943074658 | CF89: 3038982355 | CG89: 515782944 | CH89: 329761234 | CI89: 14148606680 | CJ89: 5669206618
B90: 2 | C90: 737646721 | D90: 2656796342 | E90: 4628132400 | F90: 4783551473 | G90: 957393879 | H90: 5124415565 | I90: 1084449385 | J90: 4122295422 | K90: 4075452543 | L90: 15346619522 | M90: 533451662 | N90: 271575574 | O90: 605364983 | P90: 409111421 | Q90: 1390701516 | R90: 1578727206 | S90: 1455486130 | T90: 4364058538 | U90: 688655855 | V90: 210070040 | W90: 1248901152 | X90: 870684716 | Y90: 22329145 | Z90: 82378369 | AA90: 897109468 | AB90: 373105936 | AC90: 3590770609 | AD90: 947553501 | AE90: 6632960482 | AF90: 5929348112 | AG90: 3072268316 | AH90: 1016505699 | AI90: 3710289789 | AJ90: 865127546 | AK90: 6162630246 | AL90: 2265111356 | AM90: 13956455426 | AN90: 5986023315 | AO90: 2144999259 | AP90: 3627796494 | AQ90: 583345986 | AR90: 538066980 | AS90: 945680454 | AT90: 4783578989 | AU90: 720186758 | AV90: 2671258995 | AW90: 21064471416 | AX90: 377221801 | AY90: 1209221478 | AZ90: 2083599189 | BA90: 3243237678 | BB90: 2231827443 | BC90: 3188271559 | BD90: 1563282008 | BE90: 560737378 | BF90: 550837654 | BG90: 9958667657 | BH90: 4937626101 | BI90: 8091956459 | BJ90: 1490043493 | BK90: 22534669381 | BL90: 800068147 | BM90: 15141378647 | BN90: 14211241294 | BO90: 184790283539 | BP90: 32113051403 | BQ90: 19819813577 | BR90: 20812771103 | BS90: 28707200144 | BT90: 245531735 | BU90: 2314333173 | BV90: 6842076555 | BW90: 34202066244 | BX90: 30391754237 | BY90: 126066474368 | BZ90: 4360272525 | CA90: 98937879129 | CB90: 7917159564 | CC90: 3396398816 | CD90: 1959196564 | CE90: 3780730828 | CF90: 3874847396 | CG90: 581420382 | CH90: 409652335 | CI90: 18485013355 | CJ90: 8715005433
B91: 3 | C91: 788737919 | D91: 3189134225 | E91: 4528942266 | F91: 6361724084 | G91: 1147216676 | H91: 6970995704 | I91: 1188518678 | J91: 4974072249 | K91: 4950145434 | L91: 20321156255 | M91: 512497198 | N91: 308243674 | O91: 782284316 | P91: 452957807 | Q91: 1593899194 | R91: 1715678694 | S91: 2073341589 | T91: 5867359661 | U91: 803681686 | V91: 263521556 | W91: 1514963347 | X91: 1453264949 | Y91: 23200395 | Z91: 110171325 | AA91: 1170452642 | AB91: 453264369 | AC91: 4139482767 | AD91: 1191578864 | AE91: 5677773299 | AF91: 6948417606 | AG91: 3769842973 | AH91: 783693661 | AI91: 4304437620 | AJ91: 1069488592 | AK91: 7008971168 | AL91: 2627036040 | AM91: 14675288351 | AN91: 6450346561 | AO91: 2444531790 | AP91: 3959774047 | AQ91: 754536326 | AR91: 677873529 | AS91: 1171448674 | AT91: 4782127799 | AU91: 851927246 | AV91: 2842976707 | AW91: 24939229974 | AX91: 414414859 | AY91: 1233738562 | AZ91: 2631528821 | BA91: 3642077103 | BB91: 2489598550 | BC91: 3801131058 | BD91: 1933626837 | BE91: 642864894 | BF91: 310514017 | BG91: 11392295907 | BH91: 5794760244 | BI91: 6165756678 | BJ91: 1906855339 | BK91: 27665374923 | BL91: 1061214176 | BM91: 17891901800 | BN91: 16135614309 | BO91: 274343522582 | BP91: 35433413768 | BQ91: 19582764210 | BR91: 32250905798 | BS91: 34735013361 | BT91: 330817207 | BU91: 2473998866 | BV91: 7520989158 | BW91: 39886597049 | BX91: 37441290445 | BY91: 184969692887 | BZ91: 5460474373 | CA91: 113113041456 | CB91: 12394816820 | CC91: 3647176631 | CD91: 4792397801 | CE91: 3839169876 | CF91: 4253795155 | CG91: 654711577 | CH91: 416266087 | CI91: 21992788353 | CJ91: 10484080029
B92: 4 | C92: 709604091 | D92: 3091523977 | E92: 5019252207 | F92: 5770538640 | G92: 1131915875 | H92: 6144942818 | I92: 946704491 | J92: 4437406552 | K92: 4799123017 | L92: 18976186639 | M92: 658343553 | N92: 349955129 | O92: 686336348 | P92: 460689283 | Q92: 1546569924 | R92: 1782164090 | S92: 1499859723 | T92: 4098264622 | U92: 554912758 | V92: 248307034 | W92: 1201415065 | X92: 877096915 | Y92: 14372740 | Z92: 143734747 | AA92: 985683024 | AB92: 472962893 | AC92: 4411383008 | AD92: 1170352636 | AE92: 9467370685 | AF92: 6832945370 | AG92: 4418397866 | AH92: 592503581 | AI92: 3964316362 | AJ92: 1000661232 | AK92: 6544868798 | AL92: 2467634504 | AM92: 14912428096 | AN92: 6261727451 | AO92: 2668311760 | AP92: 4216467039 | AQ92: 710810901 | AR92: 570180793 | AS92: 1031851141 | AT92: 5398739152 | AU92: 1058503570 | AV92: 2891169262 | AW92: 19719436643 | AX92: 440094915 | AY92: 1185122255 | AZ92: 2447278211 | BA92: 3157951985 | BB92: 2843834894 | BC92: 3498104698 | BD92: 1707115680 | BE92: 601659736 | BF92: 330095437 | BG92: 10985674117 | BH92: 5590533641 | BI92: 7087783332 | BJ92: 1789844744 | BK92: 24392476016 | BL92: 980081490 | BM92: 17306200179 | BN92: 17911596157 | BO92: 323698735900 | BP92: 36933034554 | BQ92: 22264903524 | BR92: 24476423494 | BS92: 31773767759 | BT92: 322143434 | BU92: 2712932599 | BV92: 7246195799 | BW92: 41166149229 | BX92: 36712804439 | BY92: 163515887113 | BZ92: 5187452757 | CA92: 115434971863 | CB92: 11226733095 | CC92: 2904847521 | CD92: 2981492716 | CE92: 4202854055 | CF92: 4324608407 | CG92: 678835543 | CH92: 550816497 | CI92: 20295676302 | CJ92: 10343198556
B93: 5 | C93: 833670259 | D93: 2874524679 | E93: 4231913954 | F93: 4959417729 | G93: 1120077865 | H93: 5986908878 | I93: 1031208238 | J93: 4068949941 | K93: 4609669967 | L93: 19005076045 | M93: 733500699 | N93: 337957912 | O93: 652111972 | P93: 453604565 | Q93: 1422504675 | R93: 1662234180 | S93: 933582866 | T93: 3607859011 | U93: 557130171 | V93: 316262260 | W93: 1222985744 | X93: 671237694 | Y93: 19956868 | Z93: 125851086 | AA93: 931129016 | AB93: 429555099 | AC93: 4120527969 | AD93: 1128230521 | AE93: 6468587577 | AF93: 5840067570 | AG93: 4541368914 | AH93: 798271141 | AI93: 3636330549 | AJ93: 1058835070 | AK93: 6402835221 | AL93: 2313396814 | AM93: 14030053253 | AN93: 5860328191 | AO93: 2350406438 | AP93: 3943393781 | AQ93: 747590410 | AR93: 587159048 | AS93: 968497775 | AT93: 4223022758 | AU93: 852577046 | AV93: 2956999141 | AW93: 20699318802 | AX93: 379530797 | AY93: 1204509865 | AZ93: 2155102829 | BA93: 3664041364 | BB93: 2433931489 | BC93: 3403448539 | BD93: 1730997558 | BE93: 627574781 | BF93: 475449094 | BG93: 10357118823 | BH93: 5546108117 | BI93: 7010322173 | BJ93: 1742467994 | BK93: 25913939448 | BL93: 791849081 | BM93: 17957786977 | BN93: 16002630552 | BO93: 296226420723 | BP93: 33294188930 | BQ93: 21544605894 | BR93: 39024803137 | BS93: 29443780660 | BT93: 277455643 | BU93: 2691201672 | BV93: 6118762811 | BW93: 38655044527 | BX93: 34170737115 | BY93: 150841257676 | BZ93: 7782639646 | CA93: 108182064343 | CB93: 9971364237 | CC93: 3959890742 | CD93: 1911813882 | CE93: 3779521112 | CF93: 3884896201 | CG93: 622505949 | CH93: 467406207 | CI93: 19227183016 | CJ93: 9350070877
B94: 6 | C94: 1008152105 | D94: 3000991150 | E94: 3864143869 | F94: 5048802797 | G94: 1127207661 | H94: 6598221949 | I94: 1085450018 | J94: 4320414795 | K94: 5213636888 | L94: 21917797897 | M94: 794770200 | N94: 372053047 | O94: 686787594 | P94: 482918871 | Q94: 1423630090 | R94: 1768394440 | S94: 798994688 | T94: 3854677365 | U94: 574385037 | V94: 265075603 | W94: 1367235398 | X94: 680606330 | Y94: 22491873 | Z94: 140907774 | AA94: 991936281 | AB94: 431136783 | AC94: 4065591007 | AD94: 1194146069 | AE94: 6253653896 | AF94: 6561621825 | AG94: 4841486338 | AH94: 1541364110 | AI94: 3803126808 | AJ94: 1065902670 | AK94: 7157392453 | AL94: 2550042182 | AM94: 15011325826 | AN94: 6441809823 | AO94: 2474434665 | AP94: 4588726403 | AQ94: 684974833 | AR94: 634774470 | AS94: 1021278654 | AT94: 4646450754 | AU94: 1379199060 | AV94: 3348800937 | AW94: 20344692259 | AX94: 387878115 | AY94: 1206124594 | AZ94: 2127322548 | BA94: 3659360972 | BB94: 2447894151 | BC94: 3850348234 | BD94: 1883868114 | BE94: 673784440 | BF94: 337005641 | BG94: 10857319590 | BH94: 6145291181 | BI94: 6606850475 | BJ94: 1872080929 | BK94: 28723068622 | BL94: 1434313518 | BM94: 18313596767 | BN94: 17241625631 | BO94: 307092029739 | BP94: 36890059078 | BQ94: 21090399483 | BR94: 36279187607 | BS94: 31102485334 | BT94: 339814417 | BU94: 2505339108 | BV94: 6372773752 | BW94: 41471954603 | BX94: 38808044031 | BY94: 180784561461 | BZ94: 5235548896 | CA94: 112842431910 | CB94: 12193187404 | CC94: 4037292044 | CD94: 1862056147 | CE94: 3787001363 | CF94: 4150542789 | CG94: 647614861 | CH94: 590227066 | CI94: 20530901053 | CJ94: 10179227580
B95: 7 | C95: 812680281 | D95: 3225402111 | E95: 4716331984 | F95: 4899008443 | G95: 1174282884 | H95: 6364982510 | I95: 1152246710 | J95: 4865824350 | K95: 5123075821 | L95: 19768285303 | M95: 691861679 | N95: 359773605 | O95: 786013975 | P95: 461919066 | Q95: 1589082226 | R95: 1761798801 | S95: 1302045392 | T95: 4283805771 | U95: 573554446 | V95: 304934687 | W95: 1405010106 | X95: 669097123 | Y95: 18366861 | Z95: 150583270 | AA95: 1113960873 | AB95: 558499753 | AC95: 4752422692 | AD95: 1108084561 | AE95: 10846545247 | AF95: 7484356385 | AG95: 5436736072 | AH95: 1050471983 | AI95: 4697556060 | AJ95: 1082196826 | AK95: 7161650816 | AL95: 2574303760 | AM95: 16012380264 | AN95: 6918555686 | AO95: 2896325975 | AP95: 4740152320 | AQ95: 825635270 | AR95: 611241043 | AS95: 1154918356 | AT95: 5869982984 | AU95: 1403560284 | AV95: 3433034669 | AW95: 18410158947 | AX95: 417390106 | AY95: 1360036162 | AZ95: 2542776640 | BA95: 3807124329 | BB95: 2660177262 | BC95: 3477383567 | BD95: 2086928451 | BE95: 672460197 | BF95: 340576688 | BG95: 11527432986 | BH95: 5849906497 | BI95: 8585942125 | BJ95: 2206116923 | BK95: 31794236554 | BL95: 1274089726 | BM95: 17774602435 | BN95: 18218694801 | BO95: 461189894520 | BP95: 41266889252 | BQ95: 25735392015 | BR95: 38030990302 | BS95: 33762631146 | BT95: 449753526 | BU95: 2964062922 | BV95: 7644169270 | BW95: 44908338110 | BX95: 39806226578 | BY95: 162173658889 | BZ95: 6278801751 | CA95: 112259083128 | CB95: 11145753912 | CC95: 4297158051 | CD95: 1524822188 | CE95: 4119184668 | CF95: 4689330463 | CG95: 791985544 | CH95: 627438968 | CI95: 21989414810 | CJ95: 10311832690

Sheet Autopartes
A1: fecha | B1: xparts | C1: inpp336 | D1: xparts_r | F1: fecha | G1: xparts_r | H1: xparts_r_ae | I1: xparts
A2: 43466 | B2: =TD!CB5 -> 4978000000 | C2: =[1]INPP!AE469 -> 99.171466 | D2: =B2*100/C2 -> 5.019589e+09 | F2: =A2 -> 43466 | G2: =D2 -> 5.019589e+09 | H2: 6.5554082e+09
A3: =EDATE(A2,1) -> 43497 | B3: =TD!CB6 -> 5372000000 | C3: =[1]INPP!AE470 -> 99.024923 | D3: =B3*100/C3 -> 5.4248969e+09 | F3: =A3 -> 43497 | G3: =D3 -> 5.4248969e+09 | H3: 6.2059567e+09 | I3: =H3/H2*100-100 -> -5.3307362
A4: =EDATE(A3,1) -> 43525 | B4: =TD!CB7 -> 4664000000 | C4: =[1]INPP!AE471 -> 99.127385 | D4: =B4*100/C4 -> 4.705057e+09 | F4: =A4 -> 43525 | G4: =D4 -> 4.705057e+09 | H4: 4.3993928e+09 | I4: =H4/H3*100-100 -> -29.110159
A5: =EDATE(A4,1) -> 43556 | B5: =TD!CB8 -> 5876000000 | C5: =[1]INPP!AE472 -> 99.124183 | D5: =B5*100/C5 -> 5.9279177e+09 | F5: =A5 -> 43556 | G5: =D5 -> 5.9279177e+09 | H5: 6.448544e+09 | I5: =H5/H4*100-100 -> 46.578045
A6: =EDATE(A5,1) -> 43586 | B6: =TD!CB9 -> 5505000000 | C6: =[1]INPP!AE473 -> 99.310298 | D6: =B6*100/C6 -> 5.5432318e+09 | F6: =A6 -> 43586 | G6: =D6 -> 5.5432318e+09 | H6: 5.5525356e+09 | I6: =H6/H5*100-100 -> -13.89474
A7: =EDATE(A6,1) -> 43617 | B7: =TD!CB10 -> 5999000000 | C7: =[1]INPP!AE474 -> 100.23471 | D7: =B7*100/C7 -> 5.984953e+09 | F7: =A7 -> 43617 | G7: =D7 -> 5.984953e+09 | H7: 5.4803314e+09 | I7: =H7/H6*100-100 -> -1.3003828
A8: =EDATE(A7,1) -> 43647 | B8: =TD!CB11 -> 6762000000 | C8: =[1]INPP!AE475 -> 100 | D8: =B8*100/C8 -> 6762000000 | F8: =A8 -> 43647 | G8: =D8 -> 6762000000 | H8: 6.3483086e+09 | I8: =H8/H7*100-100 -> 15.838042
A9: =EDATE(A8,1) -> 43678 | B9: =TD!CB12 -> 7367000000 | C9: =[1]INPP!AE476 -> 101.62152 | D9: =B9*100/C9 -> 7.2494485e+09 | F9: =A9 -> 43678 | G9: =D9 -> 7.2494485e+09 | H9: 5.9856697e+09 | I9: =H9/H8*100-100 -> -5.7123699
A10: =EDATE(A9,1) -> 43709 | B10: =TD!CB13 -> 6081000000 | C10: =[1]INPP!AE477 -> 101.9594 | D10: =B10*100/C10 -> 5.9641387e+09 | F10: =A10 -> 43709 | G10: =D10 -> 5.9641387e+09 | H10: 5.9670158e+09 | I10: =H10/H9*100-100 -> -0.31164255
A11: =EDATE(A10,1) -> 43739 | B11: =TD!CB14 -> 7975000000 | C11: =[1]INPP!AE478 -> 101.96058 | D11: =B11*100/C11 -> 7.8216499e+09 | F11: =A11 -> 43739 | G11: =D11 -> 7.8216499e+09 | H11: 8.1321915e+09 | I11: =H11/H10*100-100 -> 36.285738
A12: =EDATE(A11,1) -> 43770 | B12: =TD!CB15 -> 5704000000 | C12: =[1]INPP!AE479 -> 101.68876 | D12: =B12*100/C12 -> 5.6092728e+09 | F12: =A12 -> 43770 | G12: =D12 -> 5.6092728e+09 | H12: 5.5607663e+09 | I12: =H12/H11*100-100 -> -31.620323
A13: =EDATE(A12,1) -> 43800 | B13: =TD!CB16 -> 6179000000 | C13: =[1]INPP!AE480 -> 101.6629 | D13: =B13*100/C13 -> 6.07793e+09 | F13: =A13 -> 43800 | G13: =D13 -> 6.07793e+09 | H13: 5.9061515e+09 | I13: =H13/H12*100-100 -> 6.2111075
A14: =EDATE(A13,1) -> 43831 | B14: =TD!CB17 -> 4730000000 | C14: =[1]INPP!AE481 -> 100.94065 | D14: =B14*100/C14 -> 4.6859217e+09 | F14: =A14 -> 43831 | G14: =D14 -> 4.6859217e+09 | H14: 6.0751494e+09 | I14: =H14/H13*100-100 -> 2.8613876
... A92: =EDATE(A91,1) -> 46204 | B92: =TD!CB95 -> 11145753912 | C92: =[1]INPP!AE559 -> 116.99106 | D92: =B92*100/C92 -> 9.5270131e+09 | F92: =A92 -> 46204 | G92: =D92 -> 9.5270131e+09 | H92: 9.1978441e+09 | I92: =H92/H91*100-100 -> -11.1588
